due_date,subject,message,category,image_url,link
20/1/2020,burger feature on Android,assigned to AA,Project A,"data:image/png;base64,iVBORw0KGgoAAAANSUhEUgAAAOEAAADhCAMAAAAJbSJIAAAAeFBMVEX///8AAAD09PQnJyccHBynp6f5+fnT09Ps7Oz29vY2NjbY2Njv7+/KysqdnZ2srKxnZ2dKSkoqKiqVlZXNzc0ODg7V1dUvLy+3t7eLi4s5OTnh4eFVVVV0dHRra2tFRUWDg4NcXFwXFxeSkpJfX19zc3O8vLyEhIT48BU4AAAJ80lEQVR4nOVd54KqOhBWukrVxV63eN7/Da8cr2dnkgAB0ojfv3U1yUAyfSaTiWwEcbj102te7JdeWU6n07L0lvsiv6b+fR0H0ueXiWiR7fL5tBnz/JotIt1L7YEwO1/KFuIALucs1L3kDgjTgp82SGY6Birj7bkXdS+cs1g3CU04+MdB5D1x9A+6CWHDyfrtTRYuvqObHApJLoy8J26JbpIgotQVTF8Fb2WKEFmfJJD3xM9aN3EPhCKYSz2KD8303dtUFoDSc5eb+Xy+WbpeB2VgrvNAJheOFXoPFdRPwsUhmr2U0GAWHRZh4j+UVY9jhIsuGsNW6TA/pUnUzPedKElPrRuh0KHsRC3ioUiTDnZD0qbo5ar5avDVtJzLVx/+8LFqpHKn1NC6N8i/fNtf6Yq2DTvDvQukoBlx/TKO2VB1y8nqxc95JmT9rchqH3Iqxi5w6lWkrZAJmhHd6h6wSJ6e1NlgN+kc514jq/+ItniiHXuiUvJpvLKn9WUckMBnT3aSMNcLB+b58HxpE/rMCd2FrPm2rOk+U5lyKvA/WZNKYjjMg7GTbYw7zGn/yJiJpXB8q9ClmNy7EH7yD4zdosyuSRiq+adg5v3BeIxfChVFlhos9PkyeMxcGkNj4rCnlyCQ36T06Ctxo3NiRS8ilTe2q8MiDZeynjPNrk+KdHwCM9qptxMxLj1sJmLYXqDNGgEqHEWgp5bFYCwoz9VgEqktetMbG4op+3jgRqWYjEzFng/UphrEbigxoV5I0KCe+gChQQl6FU6EdohbFqWqmRLwSsiF9QxuHMhxzImyh+TSeqnhDsmYdUoJEgvCXfTZx0wl7MHSJAIfJBKPv+g+BCkIzSKQJrGzWCT5lTln8AXyLHZkqCSXMYWLQpActRu3Ibx4ZshBEsQ+c7v8ltCMTNBkWCC0mw4a5b33LxWDeBPcDv8IC5ubzDUOxA2ttOR1buKfeSan0sVYLeF8GYQhbZogxCDEIhdLjPFv9Lks+EC8Dx7t7XskXOYFzG3O7T/AfHSpx6vWBTMsu1v5aYC/b56yRgOrb25brAEHCEwV9RhY8H81fzlCX96rWeFg4NBUs1DEmTJmC4pfYJGRN30Vb+mW920Q8NlqYh7Irp+Pp2InQPv0WP9FbHGZaBPWgXflKCH2W+ECh+MGl17rtMHC3pREeT5gIVD3EtFmFhKZUwjkOasRc8jF3csBqRMOShZhO8ERI5WXySULKIrEPIlr+I1W7c48BMgYZpWi/Iz7FU4mKJWRYfVhZqR+fQKAKKBFAVLQx/gKiZdIm0VoF3PavYGjBpxMYYY4CflfpPZwycJgddm4arApVlzPHMlEUuoj7wyPOkNG8CSDK7iHeAlhRDnwfz9dB1MCnseOMvyxzoJ8cjxGxc9UNXieOzpr2A8K9RmuGI5i8irwLAv60ZBeg8KFPOkpVBaDAvDEB9O6HyBJwqNzm0oh4idQqsNksQYfAIBi6ipwrauGEhSq4AtUqOc0fPEFxDJj9sd8hmHMrPSQiE++IB/apr8vC4qRRm8jwILOSZaJJa/vFnp8f8M0cCjupITAP7qeGrhHn9teRekLrw+RH3hcDigaiMu/7GAoRC5alycC0CX6Eu1QoRmPJ78O0MP/Umvge9XdhmI4kMvw+VFIfzRqQHKeQRooDXskMRoHeOieEhFKQ2GVRBoBGedTIkLmM6Z4Ux2gkfhXNCBrXffqhAASVIl3GCKe616cEMAIU6XsQUZjfn4QD2AOUcVq/ljGaDCrqYq+oTJuA6PBrKYyleCuHbva/QTknfuHEQT+9MYWFmUD1cIEyINhg0ZTAWo1MdJKee170wFZyxrZxFfdSxME2GPmjlyl4wwb0kgRTfAvO4QFFhcpeqNjyJflAeQtV3Qqx5Jt2QaoaueIsxrav7czoL/tOAE9Q7hLTp5wPjJfDbKPbqoILPrZT4Dr2uuUmM/u4CQJn53Y/AwoNUuYg9EpEaqmr5k0XLuQCAKl3gS80GWHMZh9v6SiSw3k5vdnJaRw028MReiyOmAvldCp0cGHEVMLkI8ONXTQIuxJ4ZqcXgE6SGsBFI7pHdp/Du3npfbLQ/t1Gvv1UphiY6dtYbt9eH4DG99+P439vjZYsHbVvTRBwP5S+33etsctnDeIPdkfP7Q8Blwl1Ngfx7c/F8P+fBrrcqKgdHgahNbntb1BbqL9+aX25wjbn+f9Brn69tdboIM4dn8bs2amZ91TOp66pzeoXbO1/vB3P46ihpSnWr22htT+OmBcy82zHUyt5Ua7Ebp/7a/Ht7+nwhv0xUBMlqNT7fh6m9jfn6ZXj6FiVD2G8F0BNvaJeoNeX/b3a8Odv8f4Ett67uF0Q8/Gvom49+X4HKftvS/foH/pBF1mamMPWqKh8rjiwXx9hHEvaJMvX6Fxg0uvN+Jt6efd4LhHV2COqSc7Sspu8sPY31ff/rsRCJY0lrB+l/st7L+jZPz3zCxb+SO+PsAd3V1BHDIOeXM4fek6gb1+PF405AsY3Z1dXHuOKPgxW2T0uXdtzHfn8d6rQtx/yBeM0gN80zp/0Q9xh6W53KbvHZZUYZqpgr//PaRvcJfsG9wHbP+dzm9wLzd1t7phJAq4Wx2VmhpHIkngZy8LgcpGMOcskmewbzbeBzmOKRyV5KL9s2Kponsz5KLIZaXkWCa431bkogZFkSgS9euoJ3JJA3VKUixOj3qNqfhILmhwCIl6ZB4z+KgIC1KEiSjVohtg6HNsZNRahNSiURt1+qMnfDqjU80ERTkp5jV1dZRlhC61DmGGK8VRdYgN+jmLTDa406PP1aqpiz29BKH6R8jI09upiy8GX/T0oguYDhSbfrxGVXpqwuhK5QkvfZmR9mKFm4p0hujGmLmQEVChpUa1VWULDoc9rZzJGPzmYXumMo9jkDIrV6TZOAdaIlUnQl6an8+ccCmz+qymh5kv41QEPnuyq4S5AO416d1/RD/XiHn+ptOyg+u+58w39szTs0jZkZxrZvlWwb1rGwp6qRjb0UmZx6+CIjcKQ8d/4ZgNlR5ORtm4v9tEXVbBvfYhP/bRtv+RjLZ5/cCuUlcfU1H8h8uuj8748cVSm/7hS3WaXdTwtCsUadJhSUnaSN10mutIdw3rD8z/mJ/SJGo+mE6UpKd520BHXe72pOXB/4VX5Fc/CReH6JdPzKLDIkz8a14wTBaaPp2NHhKGYVqH0nM38wob1+tQFrbXHUto36uDUJjQqGNNuVSF4UenbxYiSmW0H3BXRpULJC3CozO+dR8/Gk7Gw1n5UAxW/iTh4ItgO0ff6P4q8bbO7uHDOTM5UfCFddrvVV5SU1gnD8LsfOkg1i/nzJw8CH5Ei+0ub1N69vk1WxglFjojiNd3P73mx/3SK6vXWpbecn/Mr6l/X8fyTaL/AOgNkPOZE8hLAAAAAElFTkSuQmCC",https://www.google.com/search?sxsrf=ALeKk0108j9-spaLHvf8N1V2SpvfaDFLTg%3A1593176933327&source=hp&ei=ZfP1XtjeC7CG4-EPkpm3iAM&q=project+a&oq=project+a&gs_lcp=CgZwc3ktYWIQAzIFCC4QkwIyAgguMgIILjICCAAyAgguMgIILjICCC4yAggAMgIIADICCAA6BwgjEOoCECc6BAgjECc6BQgAEJECOg4IABCDARCLAxCoAxCnAzoFCC4QgwE6BQgAELEDOg4IABCxAxCLAxCnAxCoAzoFCAAQgwE6DggAEIMBEIsDEKcDEKgDOg4IABCxAxCLAxCoAxCmAzoFCC4QsQNQhAtYtRJgnRNoAXAAeACAAXOIAbsEkgEDOC4xmAEAoAEBqgEHZ3dzLXdperABCrgBAg&sclient=psy-ab&ved=0ahUKEwiYpavJxp_qAhUwwzgGHZLMDTEQ4dUDCAc&uact=5
19/1/2020,call feature on Android,assigned to AB,Project A,"data:image/png;base64,iVBORw0KGgoAAAANSUhEUgAAAOEAAADhCAMAAAAJbSJIAAAAqFBMVEUAgsr///8eJSsAescAfcgAf8kAeMYAhc8AfskAg8sAe8cAhtEeIycfGxYfHRsfISPc6/b4/P4fHh0njc6tzunE3fC71+3u9vtlp9kfGhLm8fmmy+iCt98Jc7EDfcE7lNHV5/RurNsOZ50XRmYaOE2NvOFTn9UcKTIfis16st2cxeUUU3uUweMaOlEIdbQZQV0VTnMRX49EmNJZodYbMkISWYYLbKXP4PEGsYbgAAASv0lEQVR4nM2d6XriOgyGA4mzEfa1lMJAS1m6TEuXuf87mwRIYgcvkuPQfr/Ow5zp8Na2JEuybdUqV3c6HO3Xu+Xjot/fBlaw7fcXj8vd+nY0nHar/+etKn/49N9+twgc17ZDxyfEykWI74S27TrBYrf/N63yS1RFOB7NDjFayHDxREgYgx5mo3FF36QKwulgsrVtR8XGcDq2vZ0MqhhM04Td4azv2j4CLpdvu/3Z0PTSNErYHU1C3NhxxjKcjIxCGiRM8MrQZZS2MxmZ+1qmCDszYgQvhSSzjqFvZoZwsHAdY3gnOe5iYOS7GSAcr53Q3PDlIqGzNuBCShN2lnZYAd5Job0sPVlLEnY+XD3PAJXvfpRkLEUY81UxPVmRkowlCKfX4Dszlgh2tAm7s4rnJy3fnWlHAbqEt6Q6+8JTSG6vSvinb1+VL5Hd/3M9wt2VFiAr4u6uRDi0rjtBc4XW8BqES/eH+BK5y8oJ/wSmA1CcnAC7GpGE6x9ZgbSIu66QcLz4qRVIy16g4nEM4VCZVrqOCMEYHATh80+aGFbucwWE3cfrO3mx7EdwFAclHPd/1oYW5fShixFI+OeXLMFchADdBoxw9JtmaCobZm9AhLe/x8bQckHbDQjh/ncCxoh7M4S/yEsUBfEaasL17wWMEdUhnJLwF49gIjWiivDXrsFUyrWoIMRZ0cDzvEaq+L+romKksqhywgECMCZ6XT3dP2yaNzet9ubl/uvb8oLqyDK58vqGlHAIBgw8a3W/abZ67ah+UtTutaI36xrj6Epdv4ywA41kvMbdW6vVrl+oF71eAzGUJcUlhGMLFosGje+XJgfvNJLzK0xUYkl2GhLCPgyw8frSjPh8ySg+XWMQSV+H8BG0XfKsNwlfPIh/BYShTfwwdF3bdvzy+xbnEU/4DFqEjbtNT8InJrRvx93xeDrtDAfr5cJ2y9ZYbWH8JiIEmdHA+7qRDaCY0P3H/nOd0a5fjlJoUAWEY0hdyQteWnI+ESH54Pyb08HELdHt4As2/QJCiJXx5huBBVUShqJQK+lY0SQkCwzhDJAX9e7aihkqJnRmAsJ49txuNbPOIf+Hcgn/ARah991U88WEL9x1GAgJYw0XeozFxS0m7AKctHenXIIyQu5CpH7FBy3GgOf4eYQTtScM5uolKCO0SLBcP9/eDoYdvoEY6tRgnQmMcASZo5+ANXgkfBDFNL7jhEkTrU0Wu1tOZvCW4DO0LqcfjkMImB+NJ7mfhxDmIiR0rY/bYr9FV6fUDCHcAebo3Q0QEER4wgzd7b4wY/9ssbUu57IQfkH4BzJHH4BzNCb8bIC/Hgntj0Jkgi44uxfz/YJwq54Z3grkKNCECaQbsEmJIbIhl2xVhLcAE+ZtwEOIJYwVsoxTwK+cll1M2xQIu5BobQVzhZqECSNjEg+4xUgKTrFACArXoJ7iRKizA3YPtM3ZoRZjMXhjCacQM3MHX4W6hBZhJhsu7e5OJYQTwKapcQ8MZ07aaGYxmGFE5aX9iZiwA/hBgYUC1Ca0fLoEiqotuB0h4aNpOyMhDMPEN7h2KHYHdMIeM1HJo4gQMoSWh5ukIkL3edztdsed4WD2IczS0D1eS4RFZQaRJoQMoeUhDKmYMGQy8Z3bR4ebv7CpffsB7heZQaQIQUMYoCxpIi7hReTRHR14RzacHLGLcP30IFKEEENqeV/QXYWM0KemX6bpzLmciaSfOXCIK0t/PmVOc8IxLEH6F7cM6xE318ZP4HafnYtx9PN0NqISFuauJidcw3LcG+QQcgmLXjlnvNwTOofsT5fgPbGTl4ZzQtAQBnOcr6jX2/w8jbClqXORvrCX2R/CqzzOJeEAZI29bzOE8V5wst8naZpLxllxMuZ+EV7QzI11RrgAWSrvHWtoeqKYhpzSNOHi4tjosFiqydOE4Hma54dTQpCriAnfkIam3lJFbcmx0Q82g3TZJpj+DrrglZg5jJQQkJ05Ev5FOvx6ExKXEtuZMbansCf0M9sL2aEflWVsUkKgN0XtDeGEyTeymYM/jyxi3o0ArNvGvzWWENp86CH56vUb8N4i9OlQrlCgdVLbCzY29oghnEDHEBuzIQgLe8IFE2KRLEqBmcT8b1jIBQxOlGaEcMDEh+QmpxswKFmaEDyITpcihE7SYI4ewyauGYPqNmTNe27+oSvxPE0t1CQNXvGzFNltQh3fYuPQrIw9AA7HeZpaqEmKJ8RnoihEpgiWd5RAf2enaXokHEKdDJ6w+Y7O07hZOpDN3maDCNsjpI3gR0Kgu9cgbAvKh8nB16SbhpulyeNQptBH0k0GdKN4qqVbmLWLJmy9WIIpFU6m3e74z2jddy9D/ry8wriG7GOgwzjNawvxO8ESRjdPovZLsswW2/Q5uGRMwxumEpZlBqCh23EXaiGME85bRK3Pb2HNwma2Exfl3rxczVj58Py3YOmI+F8ZnAmhviIR1ONHzc+VpEm40GnXLdYJM6vCOMU0EANP08mZcAsH9GCEvdbfb3kTdK2gwjzKy4B0ijPr4HgGmsbtiXCK6HqARN5RK3qaN+RO4vJEzx92MWaVGaa3J52mkEL18adMj4SYQ00N5e6p3XqJp6fSKQcX6YsOm8xMNz/MDMumKdQjjo6EM0RXh/ciJ2y3vlTDd1b4sd6zTSZsJ5adbqVo/07SeAeUnj95RAu+HTkSyqsW7RerAY2piBParj2hIBknkK1ExtakHwIXYhKuW8A04lmetJEmekAfP/Ddx3xP+Mj17/SPtM//MzTOtBNCRLJclWtr3mkUC/18T8jYvGxG7iju1EJBrWPs8y142J1Imi/V6Uo4fo0se8EEyKmtoS1h1pgKnCvxb8SqPWNaHaQ57/a9bkU7zYcywUqaDxxTkywL3IDGI3yOCTERTYwoszNvemNo5XHoknIZvPHKdvrAb+1PYkKMKZU7RH3CMF1ztMfISmS0AUpbb4F7xHh7YSGqHYkakqR3W3S2Qi03NajstztpRhG658/2wLUV1KwuruNIZkzBfYiXyqph9HiFHJq0LDcCfu2wawELFqmkVe629hmnbLxoV86jSb3kP6i76FgoZ5FIQth81UZMY+qBgsb+d7lgZbKHFqxumKsh6S3t4dNOqbg0Z/dO7yRSQujuIhxYe2Q3tdzUaLsLLs35sw7nMyihs7dmKGeh6onC/SxKMkLVZzKRmbVD3pwnjWpa37rTtKpZ6u8sXEgTqyHpxmi/aROOL+2mjBBqS8nEQjRTnSRbiKK+BPUX4XqLc2BKh95Yb0EO1gL7ZaQLUXeaZjXpDzp+OXuQ2xIeP+brY7+MfHuhaU2zvgLaoaYbejoGxUZtMR+aUH7aoqd1dttP04T0kstawyb6kXdCiEiWnuV9SRZi70tnmtppIwadFXPSYin1FbPqDNhAbkWVE4nkxYuNxjTNN/m060rNJl3dxO6ALQ0+S+4v6k28rcl2h2y2Ld1a0IX7ME0UI368BqP3JJmmEdrWZDOv1mU+TjfA9JJLXSS0NpPw4dehok8YvcHIc2072kC6vDJMiMwmJusQb0sVTabouCZdb4U+ktRqjnkZYbCz0PIWirCm3kPO/LRRcswYj2zXT/t7P12x8Fizj49pLNU0RTuM7TF2KXSqZ5kbepJmlRl4qLnAx6WJpNa0vkEuRJLc8tzpM5ucLIxjS6Rdzofyn33A7y0SyTv2W9itPnH9oNDfnbWiL+kKaRrlwJdhvLfA7g+Pkrd7R9pnnTLZaTa4SxvNrOIGn3jx/hC7xz+pIa0jtlYlEfP+J6a4mW42xvDckrNG52lOkucyNA8d5grTOJXx7FkMAN46HfM02FzbWfLjT81yg5jHqUumopg6TmAFOFE4wOdLT5JGbiUHMT/nymRjsqk7RiSx7SE2550qeJUevCizEqk7n5h2tMzOwC3pMeeNrFtkktuaEuaUuklnxs6v9GPM+fWwi609ZVLcT6M9iGSbNYQVmjPSjRP84Ix1rD0h64e5FAcTsIFNqvzoIBun5kcWMVFYPCGwNeBc3rt8JWrWMPKzl+yvPttMQXPBR5EJto7PSN48xD+Wp1RGOGG+V746PzAjcqzja7oL5XFSvZxUlpTasV8rm7yoITz1Ymi6C/VNSnqXQp5zGoUjemF2YhK3Fzr206B6ohjJG6Tq7Xut7LC/HXSGhZNdeZwKueKJko3ua2Ok6hjWapGKFV5cvZcfqsWllc59bZjeRFaK04ilA/BUeZy6xk24c28iIlIvKJjLT5TqeoyCwmUKiGn2TXTuL8X+NUrylJRuFaMgPw/jsAvq3COsG7dZySDK+75LFPYzUWEc7E5VSuc+b+2oxlKfCy65UYxF8ls7ca7Qonr14ectLqS8XbD0Tcl+FqdCrnNklZ23QPXQFqTwifX2S7l5Sl1kfUDnzLIzM/BzT5dSXjnU+iqDaOdnSpfomZafe2L6jLFSXnaiUW7Lle80NJ4woM6uaQffiQLVXSAllmJ+Bwrmhv9U1PlD+EFnjpR3DEafgQLR80RnUNIxRIajJ1FnSMv4C8A5GvExy0RBw/p+/1rx3xg4r0NU4iIVfQ643GtH6ivqeuJdRuDNn6Jmr9dq8yM8J5lpt1pxJXOWu9Q0Bdw71LrnH6UJGq/36ZsKTX6nv7s9cE5gQsScxy83TQHX8rT+ctai5939pR5VaAlGWvOrsXcqlHyUC3A9Vvtzzg5R4HmrB/bRgWYp11lU4V4MRFGVJ6XHSF66WFEzNWjMv+qtooUyili42wR+YJ0r7xtwtrT58trw4skaBF7j7r7HG/abd2OIF/fTaOejTgJdchbdvKxe4zjvdfVwI/jfb1amEC/uGNLP1hwFPOQd9ZrRJmr1xA70pkyMR+nynijgXV9Cee/oO0H4ammmrwri3PUFPVorRITfgC1Xe24CkXNfG7xjky+Nq2v4ijYGkjsh7849RPmfK+8Le1mdQO1PvZZJhpB3byLs7ksZ4gP2LjcRIv44cUH03ZrY+0slUmVP4erpH/M7SXB/KabFgStj9rTe0j+Nmkh0B23pQbQa96ZGsVz8JrxHuPQgBhbixn0FYon4jX3iBX2ft1Qe/i4wkUoEN5L7vEubU4NLsd7WfVjQZ1/pwd+rL5e5pRhFmp5feq8+6G0EubxPQ14xDm60PL/8bQTQ+xZyBfO6KWuj5/kV71vAb0AVCvc6hFQ9aRqSL9UbJbimMb4aK/QFmSLhPb/6nRl8kY6D+GUMEe35AW8FlczYnBCfzLlFXIkV8t4T6tCUEPHNGGIL5zM4OJcfaVVBCvLeDG0WcX1HwHfXIG/nKdUwhngDH0To23kaBXOOPFMTFXF4Gvz+IfhaDalMmRs4IfwNSxPBW4L4bsRpgGcp5h3SsvnhFHGlei0YoOgBaGlwb8nC3gNWI97VS4fh4EYHgnsPWK+ufCFv/lDSpMor5JSwbzpr9JBxFTSeSi1GcHoY/y439G11pRrfkf5MbW+AKX6dt9VLdUrR8qy/um6j9QAEJH0xhoRwbIYwnqmruk5qI7p5Al4VSkRWRkFY6xhZilYyjG+ikqhYvY34KumCbM57PCBCQwbVOnaV0F0XALVbTwE4lhGZUTVh7dYU4pERPo7tm3t4FdEt5i0whAYRj91BbUl9O1PUS+6SBkf/CkAVIe7xSBWjN3//bLalkFG7+fluIXJsrtARAgmRr5wqGRuvXw/NloCy3Wtunu4amByiu1YBKAmNjuIJcr56++w1e712dAKNoqjd7rVa9fv3OeAqcAZQNYIQQp3uXCVkY363+rp/+dwk+nx4uX96/54Lu0zFgHv11wcQmjQ3OWUQ8zS8sxriHlopoMLIgAm1WpCvIHeg/upAwtqQ+w7qz4qE3KSFJmGtQ34bIrFkoRqekPNg38/KET6CqUsY7xdNxeEmZIv3g/qEph1jGan9vBbh5euZPyRCpJuJEoTxYjSRRy2rELwE8YSGo1Q9YWaoBmHtX/CzNtUJYF5Qn7BWKz7NdFXR78lXRlgbap5hKa8wwJgYfcLkSoefMKrE5ZdeqiDkPJ5dvew+MEwzQhhvN8h1p2pIQBsJg4S17sw1Up8CyXdnvPJutYS12vTjSsuRuB9T9depgDBejo9XYIz59BagCcIjY7Vz1XcfS/GVJowZJ3Z1UY5jT0ryGSCM4/F1GFYxWUkYrlExdmWEsQYL1/RAOu5C1z+wMkMYT9YZMZitin/WrPT0PMsUYazRJDQCSexwwulP05VBwjgKGE0cm/dKM5wu/vuTkbZ358koYazucNZ3bT0P4ttufzY0ilczT5hoOphsbdxYxmNnbyeDEqGLUFUQJhqPZgfHtUNl8or4oe2Gh9moCrpEVREeNR3ul/0gdG07dHwma06I74R2jBYslvthVXBHVUp4Unc6HO3Xu8lh0e9vAyvY9vuLw2S33o+GU9OLjqP/ozlZnYnsDKkAAAAASUVORK5CYII=",https://www.google.com/search?sxsrf=ALeKk0108j9-spaLHvf8N1V2SpvfaDFLTg%3A1593176933327&source=hp&ei=ZfP1XtjeC7CG4-EPkpm3iAM&q=project+a&oq=project+a&gs_lcp=CgZwc3ktYWIQAzIFCC4QkwIyAgguMgIILjICCAAyAgguMgIILjICCC4yAggAMgIIADICCAA6BwgjEOoCECc6BAgjECc6BQgAEJECOg4IABCDARCLAxCoAxCnAzoFCC4QgwE6BQgAELEDOg4IABCxAxCLAxCnAxCoAzoFCAAQgwE6DggAEIMBEIsDEKcDEKgDOg4IABCxAxCLAxCoAxCmAzoFCC4QsQNQhAtYtRJgnRNoAXAAeACAAXOIAbsEkgEDOC4xmAEAoAEBqgEHZ3dzLXdperABCrgBAg&sclient=psy-ab&ved=0ahUKEwiYpavJxp_qAhUwwzgGHZLMDTEQ4dUDCAc&uact=5
18/1/2020,sms feature on Android,assigned to AC,Project A,https://d1csarkz8obe9u.cloudfront.net/posterpreviews/message-icon-design-template-ff734aad72da096f0e49f3d693042135_screen.jpg?ts=1581057128,https://www.google.com/search?sxsrf=ALeKk0108j9-spaLHvf8N1V2SpvfaDFLTg%3A1593176933327&source=hp&ei=ZfP1XtjeC7CG4-EPkpm3iAM&q=project+a&oq=project+a&gs_lcp=CgZwc3ktYWIQAzIFCC4QkwIyAgguMgIILjICCAAyAgguMgIILjICCC4yAggAMgIIADICCAA6BwgjEOoCECc6BAgjECc6BQgAEJECOg4IABCDARCLAxCoAxCnAzoFCC4QgwE6BQgAELEDOg4IABCxAxCLAxCnAxCoAzoFCAAQgwE6DggAEIMBEIsDEKcDEKgDOg4IABCxAxCLAxCoAxCmAzoFCC4QsQNQhAtYtRJgnRNoAXAAeACAAXOIAbsEkgEDOC4xmAEAoAEBqgEHZ3dzLXdperABCrgBAg&sclient=psy-ab&ved=0ahUKEwiYpavJxp_qAhUwwzgGHZLMDTEQ4dUDCAc&uact=5
17/1/2020,browser feature on Android,assigned to AA,Project A,"data:image/png;base64,iVBORw0KGgoAAAANSUhEUgAAAOEAAADhCAMAAAAJbSJIAAAAhFBMVEX///8AAADc3NxLS0uGhoa0tLTu7u4eHh7o6OgwMDBhYWHPz8/4+Pjz8/Ourq78/PxYWFicnJxBQUG+vr4YGBji4uKnp6c6OjrGxsbW1tYICAhwcHB9fX1qamoTExNTU1OKioopKSmRkZE+Pj4yMjKYmJihoaGBgYF3d3dubm4jIyNkZGQn+A9lAAAKUklEQVR4nO2da0PiPBCF66KIC13krvAuFi+ru/v//9/LRaTnzASTdlosm/NNU0qfJpmZTC4kSZKkg+H84vw0Hw7SZKvRqR+lQo3OHXCLmJ76GSpWmgxO/QgVa5AMT/0IFWuYnKMVzWuenPoJKlckbL4iYfMVCZsvIkzOQZGw+YqEzVckbL4CCJ/G1wdddKDs5zJf1oWybJ4vu6qaiBVAeANlSPgdypDwEsoiobkiYU6RMBJGwooUCXOKhJEwElakAMLlEcKHI4T/QdmPqolYAYRtUB/KUu+yXtVErADChioSNl+RsPn6xwlb56CjhGeoSNh8RcLmKxI2X5Gw+YqEzVckbL6I8Ns56CjhqYd2JoqEzVckbL4iYfMVCZuvSNh8RcLm6ySE/c6k++Mle9spG/zoTjr9zz9WTLUTdkbZ7Uxu5JzPbrPRpIovrJWwN1qMBVte48VVav2l9RF2pjTR5VBr2vn8ZgGqibA3uvXC2+nWsiZrIWxn1wF8G42zttWX10A4WQTi7fTTyO5UTliQb6OFCWPFhD1ctheqS4P+WC3hj1J8G5Vf6Fcl4cTPPRxXq2xTrZBwasC30a8vSpjiotoyui3VG6si7FqeITLvfv6FdRN6ttBb31Bn+tUIX/2e+2V96Yvfpa9fi9CzCz5uL370u/j7VyJ8Cntmz/fxVHCMbE+YOk5impPtWe4tZLo8fuFew2Im1Zyw53Dz2RX947DxgktGjobbKrTO35xQB1y0E4rAW+7PLJL2m474FQhxa8m7ht/WdUv/y7u4LpWt6+qb2tYfTk+I+2PetQ27qClidVAlbhuw6lL/OzWh9lSzXehMlXsHn7vDwl1VTTSbHO76TQm5teXeegf/O6ZPUgruPYWhtYjgAM6SsK080N5i0kiRxwu/sHg/KmQru1Goz7AkVKzMxxsnt855Jno5HwGM0ipCrY0hIdXDWvOP0WuKybZb8WGMwK8/Kmoi3X/geNGOkBYfrbU61BTVhcxNUCs+9Lb2Stz324kIhau/zuWuMyySWW2yRNmhpP2Hbxzm+M0IpaPIY6D/1h6x5byC4C8CXYYVIYcsFxf37tKBcgM6GzYfgkpzExKgWhGKQBJ2NJNHv1ducI+XQEQgDjd+q59QmJlLKH7xuC9egtUs8soBxsaI8Cc9wRMWYyfTh+voMcnrcQD3s25CamLCWGKhbijIVGGhsDZaQ6+SkBMR5O8mPk9Hb4lS3Tw/8LdeQn7DHFiNvG6LF91RKYeE3hPFJoQ8BmA7gJ7A5bCxs7JHYVvmPVK0IGRfKHKbGHReavdI2GAKc8Q5WF+faEHIfUR89zMUuyISNDXPXMzv0XfezYKQUiqPXE7pQpcZRFMzFuNAysD5RqcGhNxDRBXSBa41CDRGFE6df9XAc2LRgJDebSYuwLjy2dWBetiYZbqCBigvtRFSI5WvFvupHP3uhQZJ9jNyq8O6CMkZKgBoJBfOO2HOWDG5NBXn5xLLE1K0NZJXYNDqblzY3JXQkyIHv2FieUKK2JQZInz1yitQAZTG0Mev8ptwK0+IH1HaYB8HBu6EJ1qkofKufpd+vgKE5AqUGqI8m3toh7e6VhKj1Ey9RomlCSmgUV48+Tm3fSCbpfhNaqZeYU1pQkxfaIEGPvi1O57sYWVrrwI9k1cyozThDD4hIraEG9/NkXvhmXdaG0RzO6uDsI8xp2Yo0YAceyp8W5pJwo649JnaL0voEXPiUx0LmHGEqL0t6tM+oWlZQqygP9pLRVt0zImha9VOWOxjV/WZaitLiBU0u1KEwVhrpF2z1QjrcKFdg9G5O3qwI/Rc0lSRtOS5NaHn+q6K5EqIWBJSHFWz3OMUO0K7VaRF5BN74yfCCUM2itjLPZqOhPs/I2EkrFp1EJ6/LeWp0Xr1uwbC08Y0Puvb8RNNi0t90t74iXBCXFu3upTKcG5zlinXvF+JI+AH7coVXOJzhH1ZQhwfqikKHB8em57+C1eqeSZMdNQxPjztGN8nnViWMMW1g9pLxeVCT8oVe2HqmGfy5b3mPvPAZQmp2WhdH6tZzO3mhAN4rYLQsB3L29kR4gBRCzIoX+rOj/U/z5ei1fJxh+UJjy702Qr7zrxMzttr6ZE1IS0cVDoPTeP7zlvIiXyvFYD2hPQRJXPSRzfnfixKHSvNmSKoAs9XhBBN/FK5AscfmoncCWtI69JouP3WtJcnpKWvir/A6NydAcQ7KXPA1Ej9lrSXJySfr6S/cFGYe8IIp7GUZV20OcxvuUl5wj56RMUEorl1j+mwNUtDSQHNjd+Wy/KEvIBXtsLPLchW/c+mnqg/ZH6PZ0BIC0OlSzdaE0UBge8iWgNCCrbkmKCNJtDVfXBB0Fy8CJpPPxb+WRNS65Efw57qmn1HAhlz0rf4zMpYEfKeNfHdGE1mjtvgsjXh7Pg9+h5CZEEoEm785Tj77koBoinlFQH8Gr3355sQ8lJ99olF1nnz+JePKvJerG9CKHZ1UWRGxlQ3NbTykEwphTMBu7tsCPn7xzT4xlLd1JCpxMIen2Tnjm6rIRSVSPkm9OV63IbNkBalcOI5YIOeEaHYXoYxF5oabfzBPyCJhkZs/QvY72xEKOcv4Bk8VtwdWwEo3l/IQSdWhGJj0jKfraBF6FpHpGrKD/A7dDRIwIYZQ0I5gbHKx6cY2GkeEb1hPiTrr/jWPksw7AkT8Rz5A2WQfynjkTbWU27KpS9OyFgFPZcdIXuMdeDVcxXKdDb11IMz6Mk5WH9PYUuonPFwOFCGYi6ZoSB38FHJynE3gad/GBImK/Ewhx35tLmOM4Vkij7C7pQSCBehbdSWkOKurfbho+Pgi70cx2aIvakX3puBKiFUD4KcqvQ8P4NBz55Cu1/wUZGmhOpxK7/7GgMODaiudiFbXzv5NPzcNltCdfHJeBvekEfHqIQiom29d7Vjo32Wl1RLyKnFnd5SOYLNR268v29tn1L1LCzPBGKVhElbPRN5ORXWNO8wyFWsK2oqArWNroscn2xNmHT08+SurzgiOITmHFjfjVbqPY5MzNVJmEzU179mJPRD6EnZyLnj3PZxsZPM7QmTzvGT5T+0j589D1MuCFgFYdJWzY3ULjoVB5foWhU9wrwKwqSnnrynI3oCPhQ6M7EyQsfZe1KXE88mWuCsvYoJDU7yzqvEIbuVESb3oT8W4NY47HCvughllrqofDZVnIYwcTjuMP3x2dt0KsKyvxuw0Wvp3w6olHAd4Hj6DYdapXpgLYRJcuc4ONlDT2EpJ4cqJ1x3x2I/kTAs2wHfVQPhevAQvivj1qT+NqqFcB2NPzpGHKqWmeFvW9VEuNbdmzjEUtWfhVn1bVUfYZKk99lnXbKVda1/tKtOwo16dy8uB/LwODL/SbKkfsKt0u5o+vr3YfZ8c3PzPHv4+zodmVfdh05CWKsiYfMVCZuvSNh8RcLmKxI2X5Gw+frHCc9QkbD5ioTNVyRsvhLL37j9iprz6eNnp6HYAnduGojT+c9NqfcCnoZqOyV5zojvc67pYHiOFnU+HGymRv4HpWWs2s9k5N4AAAAASUVORK5CYII=",https://www.google.com/search?sxsrf=ALeKk0108j9-spaLHvf8N1V2SpvfaDFLTg%3A1593176933327&source=hp&ei=ZfP1XtjeC7CG4-EPkpm3iAM&q=project+a&oq=project+a&gs_lcp=CgZwc3ktYWIQAzIFCC4QkwIyAgguMgIILjICCAAyAgguMgIILjICCC4yAggAMgIIADICCAA6BwgjEOoCECc6BAgjECc6BQgAEJECOg4IABCDARCLAxCoAxCnAzoFCC4QgwE6BQgAELEDOg4IABCxAxCLAxCnAxCoAzoFCAAQgwE6DggAEIMBEIsDEKcDEKgDOg4IABCxAxCLAxCoAxCmAzoFCC4QsQNQhAtYtRJgnRNoAXAAeACAAXOIAbsEkgEDOC4xmAEAoAEBqgEHZ3dzLXdperABCrgBAg&sclient=psy-ab&ved=0ahUKEwiYpavJxp_qAhUwwzgGHZLMDTEQ4dUDCAc&uact=5
16/1/2020,camera feature on Android,assigned to AB,Project A,"data:image/png;base64,iVBORw0KGgoAAAANSUhEUgAAAOEAAADhCAMAAAAJbSJIAAAAeFBMVEUAAAD///+Ojo6Wlpbo6OhWVlb7+/vw8PD39/fX19dMTEzU1NTi4uJJSUnBwcGTk5OlpaUjIyNycnJlZWXOzs6ysrJqamowMDAeHh5RUVF+fn6cnJy5ubnJyclERERZWVk5OTkTExOrq6uDg4MWFhY/Pz8xMTEiIiKzgOkoAAAHBklEQVR4nO2da3viLBCGaUxjsmo8RNsaaz203f3///BdT29lIOEwsAxe3J9brnkMgQGeIezp0WGhA/BOUhg/SWH8JIXxkxTGT1IYP0lh/CSF8ZMUxk9SGD9JYfwkhfGTFCIYt29Mj7d27C8Mfwo3mvIubLzF4U3h1EigR4m+FI4NBTLmq6P6UjgxVjjxFIknhe/GAhl79xOKJ4UWApmvULy0+mmlMPMSixeFuZVAxnIfwXhR+MtS4dpHMD4U1pYCGas9RONDobVAL4NNV5vD1XTQxba/yQyhcOpcYIfCYtEfyKqnRdth5oL7wUaqsJyrAukZ2J9RCnf/RuFaHUnnmLBFCWRM8Qq4UTjSCOStq0HdNaFxwy4VtjqRdCwFzFaFMlwvo2QKtSZseZ48RAtkbEhE4VHaXONAYUNEoXTCWDoQyNiSsELlLKPF3LtCjclCrhA/zFyYeVNYLo+DLJu+6kTRTDMBRwL/JhQIBsdlIVdYzvbOIgzNflaICgeho3LMBiissKkIPebje4Wr0OF44f1H4TF0LJ5Y3RRilwN0WV4UusglqVKeFe5Ch+GRl5NCndVgvFR/FeJ2HajTPLFHfgtPlMzmlCgmaqa1ZRExGfsIHYJnGnYIHYJn3CzKKfPoTzCRSHhgUedSlqYeLKK89h0vvoSOzgFfRY9AN0cKgal6BaIMBDT4pRAY/46o8mSxCh0hlj5/xBmcSYIAygOb0ArnuzbLBptBlrU7q4x/oVJob8ZCM5nWeckFU+b11Hhp2j9ZBNs1PLR1V2RFrXAmAVqKj3AxUvzuS5NUpPdNDDGSHjaqfnWiNJjGms5JP3d3PquP3K4hY6bf6HzyLGGtdW7tGDObYYgngGNn6vvJtfwRdLAx+8a0Nz2xM24N96ED1+XTSt8Js+kxGMoEuQeDQTUcqmVqP26ccV7BGrXJr/F6Beaj5fZ9uxz1/pF5Xd8/pbOIMF8t7ldM88WqUybpY/cOZ+hwI7NcvW06JpWAyzwV8kR03L16eJE/c7K7u9I1eN7vhNhJOytRA8yrLFZ1Ri0rTilonvpJepzeoCFZJJMcbSS7mbquaMm/2lWhemUvRql/jiApQKBneBWTtW+D//4Q/pucYVIYRwuzLVFxmKLmRhMmb9PNUOEpEsvehCWh+Vme8C7SOg6Ej9BmnQczIlIPEb6FdsHBCdW26N0HcCC1272Eow2hDByGZuv9h/3UaZAowHGCvSmXP58ilNiAccZ+/xpk4WR2NMBUViCaAic5X85ixAESZ4wjYsA3RcXADEZSTM4MatWpjKZ8VLilHb9WDG09uAKMPLieBQ6yaaz1wQCIbI1vjIYbj797ANux+JmHxq4b/+pgizX534vGUMP/6tjjar7P09iR4t8c7FYnf0ENiaosMIVhTRG/udYw+ZEzvh2HxCduDgJEw9/oWKLb49cXFDYV/Srco9vD8+FVIYXSur1XhXt0e3j4LQzXI00Iv5oAF5Hru76cRIiF/9HNr9fl4QcuEvMhyNqwtiZ++UQipwGZN/YmJX5LhIaBiF8NYHNlfkuExrUyPlfANHZMn/mgcE5YcPclkaMLPihcxwLGRkcRYuHPjHBZDZ/RUNn0BscWmJNNcEzq6oo7LOBFxPzwYHMZmz44o3QVF9h6pTHfnwDDg/00DbyNdO4gg3ep276J0KxAppMKzmDb3gXOISlZFaC/0M5yDyvTaCQ0V0BsVrum8CpvGiunG/Dnt4juACv5qEyGV+BDxH9Jh9YjlFhETVdRgo2WXL1eCSM0mxUFlz+d2f6GaGM3yd5Edyot394ZsdYi190KlFzKQuPgkOdLiFJ3W0pSxUBtmLkgK7fQqQuV3dBPsI+ekIVaqBKTT1lBO52UGyCt8Rn22U9aaekTjbNtGQdhyrho3Mhd7fOO0i56E8UP0sKgE1UGV0KTrKvYtKRwKtqJWDfxP0VVT9tm/b1u2mndU0pbkDhu6kZ5l5OKYh9agopvtYg+1B9iCs8c852YnIZVT4XqSppuyBU7dWH7jZGI7ltb2/TU3KTYLTzmn02N4sKIe57Nvu9bUTDOmCLPOaXkNLzA5rR6l2RUseo70ag/9ldHdn2SwNdn30fGtlRqRpA0x0pc55ajGdGrEyzZN9NjXY3H+Xhc1bOsIb6CSCQSiUQikUgkEobEsQVrz4H9Dh2CZ/YskottrVmw6LYpDZkxKmZxX4yZoy++U2X+xOLbTTfiePpabuggfHI4fw+YosHKFdvLV6sfd8I4FTOera+EPPFOOdcQnBUWMR5tqbn4Qq725UfsqNd625tB+/GGm9up148FffYndEwOef25oPDeZD/avJC2lGnyZzG7N5UJZQQPR1IYP0lh/CSF8ZMUxk9SGD9JYfwkhfGTFMZPUhg/SWH8JIXxkxTGz3+p2nPIkjMLggAAAABJRU5ErkJggg==",https://www.google.com/search?sxsrf=ALeKk0108j9-spaLHvf8N1V2SpvfaDFLTg%3A1593176933327&source=hp&ei=ZfP1XtjeC7CG4-EPkpm3iAM&q=project+a&oq=project+a&gs_lcp=CgZwc3ktYWIQAzIFCC4QkwIyAgguMgIILjICCAAyAgguMgIILjICCC4yAggAMgIIADICCAA6BwgjEOoCECc6BAgjECc6BQgAEJECOg4IABCDARCLAxCoAxCnAzoFCC4QgwE6BQgAELEDOg4IABCxAxCLAxCnAxCoAzoFCAAQgwE6DggAEIMBEIsDEKcDEKgDOg4IABCxAxCLAxCoAxCmAzoFCC4QsQNQhAtYtRJgnRNoAXAAeACAAXOIAbsEkgEDOC4xmAEAoAEBqgEHZ3dzLXdperABCrgBAg&sclient=psy-ab&ved=0ahUKEwiYpavJxp_qAhUwwzgGHZLMDTEQ4dUDCAc&uact=5
15/1/2020,clock feature on Android,assigned to AC,Project A,"data:image/png;base64,iVBORw0KGgoAAAANSUhEUgAAAOEAAADhCAMAAAAJbSJIAAAAgVBMVEX///8AAAC0tLS8vLyurq7c3Nzz8/O6urr4+PjBwcGxsbF8fHzp6enQ0NCcnJzLy8uUlJRXV1clJSV1dXXf399GRkYYGBjT09NVVVVqampjY2MsLCwQEBA9PT2CgoKNjY1LS0uioqI1NTUeHh5vb2+Hh4cLCwsqKipeXl4iIiI5OTmHkf8/AAAM9klEQVR4nNVdaUPqOhAFLLUIAgq4saMs3v//A5+IdE7SdEtmprzz6V5sk5ymmS2TaasljSR+7UXDff9jtjt+Lg7tw+LzuJt99PfDqNeNE/H+RdHtrN/m7WLM39adbtMD9cG001+WcEPMVp1p00Ouge7wrQY5wtPw/zCZ8d2XF7s/HCa9m16Zg2gTQu8Pb1HcNBE3EhZ6fyQ7tzeTjx9s9C74em2aEiLZfjPzO2MeNc3riu6k2ogXx+Vsc8ZseVxUu2V1CyrktUwzLE6r4d1okJgrK0kGo7vh6qmM6qlpBTIqUuuLp/Fd+SRM78ZPh4JWNk0uyAJ+u3Wvjswf9Pb55l1jHLt52uFlVYvdFXGvn/fOPjWxHgfv7sE8j0NWzuv6093sRN0KGDrHsViHP+zu2s1xyzDq6hi9uMbQ51ovj079M9cTq4nLfjmy6uckcr2tE84uCvDg6Pvjkb2b0ZOjnx57N1nEDg0/GYh0NXU4Yu/iJvl9ttO+nJgbOBbkSKy3X2R7FJq/KxxKaS3ZXcaFOMnyO2OaMSyWYi9NRsTMhd+YP/QyclVI4PTtfjz0QxwNfWIUW7vrcf02ShHbVraPVLuM1MM6iW3VcarfRgmmtlHs84JG/pOfEeJz5sU4strve7WS3u5zc8aSYjXi7AfoJ2FGgfd3rFEw2lGWI7HxtCtIFj/4NTD4Zw7kzq+ZLMZmu95yLEqb8LbSLXnOZO2vzFb9dREDQ1snsziN5mN7DjBiQtfhL7omxaF/S1eYBJ9CmkrSZkIcBEsxB1M0CQYavdcFHWiRfHFS3PMu7Mvz8lOmgDHfqMymGOzs7vprzaCpTXnT8W8oMhq6pc2gO2Nk3qrfNNVuYZOEwDK26Q0TtCl6Cef4cMsELYr/fFowbMCm97hc6OEA3+vfb8Sc+KOhHDAkam37zRCjGnFYH2wDZmEa9HjUYDgF9aQN7rxIxidDgX7/ps6NaPnxx3w4sYOR1rBQMVywkxsdB2IviW/cdaMZWCnQX3ypetOsREJFzw3srE/fftxvlxuBUr/iBiPKYNer/bdXwhYGqoQ/U9ul2FFoVHJ/8B19c/w9fWaaFFNfwjWLzzTgQ5XGcAfUpWKoPT1L5zHt89nxV1Te+/LGMPjrnHOPhR0MUM+uP+O6KpcPcPGq7AKtSXyEPp0XwHtXqt0gMLNwXwG7QJ6h69oAE9sd7EPZURLTGMClOVELeOsbmMOclxDdjOK2YLrd72gL5FrOJAsgdcZz5TdshRfa0eg35191paizx43jyldQ+PIVheXBji3Sdo9n2bbQI/hD8TyLn0WrArLhCiwbiNHNint8fNB2+0t7rDSJYBwImZ2dp90pIIBbBFDkHxWuEcqRuwgyly3IgGX5/IDlIJM9do1uBW9cOPFaOomwCmUCF7HwAwRV516JMMsyI6AAp4wYBmfY+ZaA4SCRcdTC4IiQsIG4lCs0AfamTP/yDMGgdLjuYBQITaE8w+JZguCqVPBJniGI04xNRlkEQrK8pcEQpGXGKIMQqVhSrAJDMFpsrU8RxKCEkkIoMATr1NLpIGfkXAYNhpBbkfeHT7HOVRjmThUdjZNSFS0dhqAwDO8B7B3B5HsVhmBd48/kIG/k+tZhCLIGt64p3V8yQKjDkBIQ4DUFe07yWJEOQ/Ag6Mdt+pucMmxpMYTXlCK+M52ulRhSwmiq9MEmFd3xVWJIQd/l9SfyvUtiiIFQYgiv6XXCyHFiyJougBZDUvpXF4oMGtkUUi2GJDj/9l5ga0q0YzWGpPzmlx9oGebGinmgxTCzEMmvEE5gU2NIMbeLf0ELUziLVI0hLcSL6NRahnoMKSD1u+7IZ9zI9qvH0Jo0EjQVclGCoMeQQm5nUTNW61ePIXlQZw1PR/qlk/H0GJrnAGnvXrrkhB5D8hH36FiIJ4/oMSTp+YY2m7BFo8mQhOkcdUduihAXFBlSzkUCykK8iJ8iQxKfcWub/lv83IgiQ3J5uxAqFT/bpMgQ543iNuJZ+YoMKfJ93zrBmhSGIkOKRm3JhJPPaVZkSG7+muSq/OEYRYak5VeUnCobSTyjEYZ90v6OfLrRQxSN+JanBMNkFEUP2W1rskXfiWHmjNrVQGfbMxVgeHX9bGslAVpA1sQWJpoH/AxJ1dlBtLTo04YYWoY3Jvgz2QLEkCm2jufWLG1+vP6+I4bWxhoeCWNKxoScnXuWBrHSqfWeghJML9mYl2DlpC+W8RgHN1mOhWHFQeu1oA1DYmhpC4E5hKwznlksmENgmKcPBdYhptOzzGLBOkwZHkjoLK3bt+nNbKl8Zi0LhlnMl6XpOly00nKWmdIS7PrQrvvGMIt5+pDia9+0eXjM3s9s07TsujIMFHNsGjS30xdW55wW+yzmAMSLon/4Cx2KZLV9QABc6eS9SZFH9WeAvgXFbOQL5l6gMYvkAa9gY0btNJrCLJJeGoLtoleFhl2iFvTQgYiwYhkak6LALJJV3dOM6gOkZxEjwoo7MwhhipR9EYPmEMxhd0BWolIltgRzvph7KYHoLKbtnmOkdC5RueSM4CySOjzH18iN1C5aJjeL1PLZMaKCC7K5l4UDYaZIZsxZE5G60K/qJUXRSmRL/6crTH8hRJGa/P0vCdMG6nqJUKRUjEtohvynJuojSlAkKX0JMZHtLZ3Y5oQARQpQXbYPKCbXTH09fop0yOnP56Xmmymwx02RluG1uBlZNQ0VKmWmSLsHV2eCnCmxY9wl4KVIRfiuLi/pfL0KbBZYKVJD0+xPjVVEZqRIE0YhYMreVzdNU/BRJFeCjljS0mywHmuPiyLpChKcsJOmFTR1gGkWYcsNovi0n9jca8o1i1QXEfftt+mv3xxD9QXLLFIDmPEBlQgarS/PMIuwC2tYaFR2sCmlf0H4LFL2gunQQ14Cz1B9ETqLIDTv8/4gnlVXjECKJFHsqaKNUq9PRTAijCJV1bPLBsICbfp7MiEUewU0iLzHxzB4EUCRJOY88zfI8mrQrrnAmyLYM9nTIyBrtD4OnQ9fiiRNXCoBirc3/7UAP4pQo8UVVIMZ1twrzYEXRchVdK40KI7Z/CT6UIQpdEtLUBjNr0QfilA1Mce6hkrQjYvTlk2xPAwI6aubnEtgEm/i4zI1KUKF2Vyjpco1mjAplrxX4Jbkl2KGSSwJ2CjV8zYolggH+Oh0gY8LX5gpOlH6W5P9oFGT3aBYeCUUTCxKm8Fc8/xkTM26+r2KDKvW1UedmfskdL+NQBQLPQJ4+4rtFXwUOcJL+/sWKcWiZBg8O1GSCYzfVnVfAaaPzjdK/uRfUewBj06UHkmHa93CCy5QykgdTH7WTGE6Ezx1R0K+BVzazveU/txA7oYbWxhzBUUOPpbTAm/ie0/FQOFRJRgKNQbbG8ffG/lmVyHgsxzVYqF4xMx1pquR764VoPZ31wwvxHlLI9/OywUqiqoBe+P7h7fgRxUBz69VN0Fw96Bc+jYKYzZqOET4MWDRsrTBwO+Q1jpk9w03NpILVhH4Ldl6JRNQxfxfvgdcM3xmfBH6ZhSDhS0OsrYv1w+6WwXGl7U9EhCWeP/Nf1vd5zhMsrhtigZBvzwgQ9poH8YohRmH8zz/Orphij2esRkC9WacpTPYRjY2GuKogrD+WjMs6aExrqDcirXRVLDqv6ig4JQdQ9GH1go01GJoCZDrKxFYpeHdGFNwJp5JMcgMp+hByNH/eMdL0H4lngP8RZLNATaSUQKGKZfSpBgwOrP2bWgbv2ByCkxx47+KGBhOzKGwFSQ1hXN747nNT0rMM1g+PZoDYTwe0jFb9jxBH7oOrQfNu4s7shr3ywxLb/e5OZ5ZY2A2I6cHq32fabguRJ/lY4mY9o49Iyb+Z0+jRxfb3zs9BOB0Y/UukkphyTGvkcbRMKr/ZJK93bXQkQL7RWnPddyNe7tfuajK9MXu6kM+JN5d2p3OJJPSvuze2n3ZHLjpKdOj4Bcaz7A14w9Wchyn79nuxFdGbEu1M0eZd7X7ke2KqUhlMTIC5wfv/FliPcej1Arcxtm18aOBWc9pxLaF9gvF8zwj28K5vKxcQdWRY/n9PEPdmO3YNYb29zh8Rb6unE3Lf7rBxsAhBs6YD0Me9Wi1cDe70ql5aOLVNvavOEx6PgpkEOU8NBXDwo3RLm9I7fnqvs6optEkYy+leGty02RkexyIl9OwV+rEJd3O+q2gkfZT05tCo7x3NeX5sdrePQ4ScyElyXR0P+4XcjujOJ9NCa9O2Z7F4nm3XM42s+W/+bNT22Sxv5Vcl3iYv4j88U8nubMqRi47JwSTppdfFvG2bEVWx0moNG0wBiwkT50bOHaVj/i+otxx47PPW11bCK9jl+NTisNpewuqoSKSbjTJN3iy2OxrmUA3g9dovzmWcJs/re//R1PnQhK/3kXjVf+03B0/F4f24eX7uJu99/fDh15XQab8B42KgvUS67iKAAAAAElFTkSuQmCC",https://www.google.com/search?sxsrf=ALeKk0108j9-spaLHvf8N1V2SpvfaDFLTg%3A1593176933327&source=hp&ei=ZfP1XtjeC7CG4-EPkpm3iAM&q=project+a&oq=project+a&gs_lcp=CgZwc3ktYWIQAzIFCC4QkwIyAgguMgIILjICCAAyAgguMgIILjICCC4yAggAMgIIADICCAA6BwgjEOoCECc6BAgjECc6BQgAEJECOg4IABCDARCLAxCoAxCnAzoFCC4QgwE6BQgAELEDOg4IABCxAxCLAxCnAxCoAzoFCAAQgwE6DggAEIMBEIsDEKcDEKgDOg4IABCxAxCLAxCoAxCmAzoFCC4QsQNQhAtYtRJgnRNoAXAAeACAAXOIAbsEkgEDOC4xmAEAoAEBqgEHZ3dzLXdperABCrgBAg&sclient=psy-ab&ved=0ahUKEwiYpavJxp_qAhUwwzgGHZLMDTEQ4dUDCAc&uact=5
14/1/2020,calculator feature on Android,assigned to AA,Project A,https://png.pngtree.com/png-vector/20190115/ourlarge/pngtree-vector-calculator-icon-png-image_319747.jpg,https://www.google.com/search?sxsrf=ALeKk0108j9-spaLHvf8N1V2SpvfaDFLTg%3A1593176933327&source=hp&ei=ZfP1XtjeC7CG4-EPkpm3iAM&q=project+a&oq=project+a&gs_lcp=CgZwc3ktYWIQAzIFCC4QkwIyAgguMgIILjICCAAyAgguMgIILjICCC4yAggAMgIIADICCAA6BwgjEOoCECc6BAgjECc6BQgAEJECOg4IABCDARCLAxCoAxCnAzoFCC4QgwE6BQgAELEDOg4IABCxAxCLAxCnAxCoAzoFCAAQgwE6DggAEIMBEIsDEKcDEKgDOg4IABCxAxCLAxCoAxCmAzoFCC4QsQNQhAtYtRJgnRNoAXAAeACAAXOIAbsEkgEDOC4xmAEAoAEBqgEHZ3dzLXdperABCrgBAg&sclient=psy-ab&ved=0ahUKEwiYpavJxp_qAhUwwzgGHZLMDTEQ4dUDCAc&uact=5
13/1/2020,media player on Android,assigned to AB,Project A,https://encrypted-tbn0.gstatic.com/images?q=tbn%3AANd9GcTbWSljmvyhQmPDxoOpilO3a1XLKSew91DThA&usqp=CAU,https://www.google.com/search?sxsrf=ALeKk0108j9-spaLHvf8N1V2SpvfaDFLTg%3A1593176933327&source=hp&ei=ZfP1XtjeC7CG4-EPkpm3iAM&q=project+a&oq=project+a&gs_lcp=CgZwc3ktYWIQAzIFCC4QkwIyAgguMgIILjICCAAyAgguMgIILjICCC4yAggAMgIIADICCAA6BwgjEOoCECc6BAgjECc6BQgAEJECOg4IABCDARCLAxCoAxCnAzoFCC4QgwE6BQgAELEDOg4IABCxAxCLAxCnAxCoAzoFCAAQgwE6DggAEIMBEIsDEKcDEKgDOg4IABCxAxCLAxCoAxCmAzoFCC4QsQNQhAtYtRJgnRNoAXAAeACAAXOIAbsEkgEDOC4xmAEAoAEBqgEHZ3dzLXdperABCrgBAg&sclient=psy-ab&ved=0ahUKEwiYpavJxp_qAhUwwzgGHZLMDTEQ4dUDCAc&uact=5
12/1/2020,music player on Android,assigned to AC,Project A,"data:image/png;base64,iVBORw0KGgoAAAANSUhEUgAAAOEAAADhCAMAAAAJbSJIAAABL1BMVEX////mWi//mQf/kwDre1nmWCzMzMz/lQC4SCb/rTn/3sL/mwX/4cnJycn/rznMegb/17T/zJ7lVi/htY7KdQDL0NHreVa0Qyf/xY/qdVDnUyHreVfqcUv/qTD/nQLnVifnUR329vboakToZT3yhDPnXy/gWC7t7e3sgWD2yLv9pzjkfBX5kgrTsKfRUivyr5387Of529P5mTXh4eH2kDTwfDL/oiC8TSTQZR3geFzJTynacBr1wbTvlXvsbTDqZzDt1L/kiQbCVCLakn/WoZTQvbnxo4zti23ukXb7nzb4kSf/u2r/9ujyhhPc0s/YnFjZlYTuk3jwn4jkv57/wof/t2HoeRjfbCHksKPmw7nWTy7ahG/4uXDslhzjlDTy4tHbp2/QiznOgh/it4XqzbDPwG95AAAQgUlEQVR4nO2d+V/a2BrGDRrAySAtJaHBIEsUQUBQEUSpVoRap6V1nLmdxbnT9f//G+57TlhcyHvOCUnA++H5YTotMebL827nhGVpaaGFFlpooYUWWmihhRZa6ImotldsV9+8urwsFFZWVgqFy8tXb6rt4l5t1hc2vbK1YvXtimEYuq5rmrauaUBI/9TgX+DfV95W23vZWV+mQ9WKby51QCNQ9gJSQ7980649Mcxa8VWBuPaQZagH3MTRwqvikwnavWrBGNOt60bOzEvyY0l5M2fo62NKY6W6N+uLZ8vCG1w0YaMsdqIPAufw6dCNwnxD1tqXQ1P0nEkAbNnuc0qAqQ9i2bhsz2u47t0M08sgdFxwdzCB0hgm7M08GlksWLGmGSandZPMNIcnKRRnDXRftXbBWB+45xRvaKXlpKavVOcnWLNVjYanlpsSbwRJz6Zr1Tlpkm2NFgkj7zg6HzHKlpG6Xp01HKhI+dZzebfwBpBSjoS9rs06H/fe0ifbnfB8xEhD43KWdTV7Q/PPC74xo2bczCwdi57yjRl1YzahWntFAtTwkI8y5ulveTuDzlEks7VmestHGUnv0LS2z3yQgSRAveejjDRU/c3GPWKg7nKDQBDzOpkAfCyqbTI9+mTggDFHEH2LVBKh/hk4QMyTqLnxha9W0H02cMAINuoFH2oqSUE/SugERCiqmuZ5MpIur3vcA20RJR2S0ePu34b+a8yGjzKSX+9pvakaM0nBO4iQjIaHSyoC6DQFYw/lENH0EvGNsaKJNwmKc3Z6uFmv719Z2q/XNw9PzxyBUsQ3HgFCnueF6aSzzfrV6uoa1aql4V+u6ptnkigl6Yy6J4gQopogHtDtr47BHos8drV5uiUIqXkSqACoC/FJh/s79+FSY93H3Nk/lIQYvUBsCzkYi53W7+ClGo2GErgvBf4tNYZcrZ+KGKm53jSKAoCx2NbmCC/1mO0BZ2rk5KZAtAKiq61/T+cGhLpZX10b0iFwjynByDNuRig3Lg5wNW1lnRfwbN/iS6HePaZMWYz7Z7yIsJxybwwvaCt8bSK2tW+FZ0oEbwBpMa7tb/Ex5le0gluAsB7kmmRi0qbFxxWcE9SwGOtcjND63VovtnkBD3fWaHg65KOMxMi1nUNeRFcKKlQZnmGbBOi0fGNGrlCFMdyNapOFosUDeEgLzLR8lJGWHB4bZSjx0+/A3WgcfWJgoBt8I0YuGzVt6lQs6hxlNHZKMtBB/bQTqatrO6dsREjFKRs/dEJ2EsYO3TTQErWRHamQilN2xV81jj2LursGWqI21tmIuvbrNIBFgznLxCSSgu4aaKlBkpG95tCmGVCz0AlZv2DryiNAC/Fqi2UipKLzenrDjtEtUmPcjtChFFJvmIiG83q6pzMbxRkApjziI0oB4hnrIpzfs7lkxuiWx4AWIsNFiNNLZ4BFnRGjMQLoTQqO1SCIeLmRdYdNkT3MXHkPSBGvGNcBCykngFWd0etj+34AUsR9nFDOOXlpUZZlYazuDyBFZLV+zcEEXtXxRSEZ1bwtMvcQ8QFONsVNrDHWTLFT/wBpRcXHcFhHiY6nYCF2RtIn/AMERFbPMIWX+wW8U5Aq4yNgIADVhmGi4LZUEbeQJKFXo9pkKaxUNAV7IsPCLa+GbXvBGI7GqaCJewZu4b6vSWgpxYhT0xCZTm/QQkpi1HdAkoponMoiu6c1/OUkUEdFYjS0zKsQep7G2g7moWwK7Ge0cQvrQjEaevkzr57jiCnGaCPQMC7RiXRLLEaXn3H/3p+W8VOtrmHFRs5xL6L2dGwDEcqMUB11kbCBm5jnXglXMQtjZ4J11EVCiFPs5pvMfeu7gLUKsFCs17tJqKAdQzY5W+KegQGKWugqIYzg6B1UzpaIB2ld0EJ3CRU0E+UcX5iiQbolvGZylRBMxMopX5jWsJE0tilqocuEytomGqY8Tb+IBumO8EDqLmEgtYOGKc8C4xUWpKfCFrpNqKydItdncsym2QJm4b74msJlwkAKrTUciVhDJzYHy0K3CRvY/C1zJGIRWVbAskkY0HXCALaIkk12Ir5BniEnQToifP3CXq9FCFPoSpj9ytNLLEh3HGzODAl/i9vrhQihgoYpc32RRbph7NRBkN4hjNpJjDCA7Z3KBmvze28LIdx0sv3kPmEDafryFms0LSIRELuahvB5SLFT6KUY4RWWiKxSU0V7hZM90jGh7SGChIFV5Bpl1vD9Nm1v4ZmjLUQPCFNIIqbfMgiRPShnaegFIZqIOoMQKzT1jTkh3EAGN3kLB6xhQ+mVE0AvCANIqZFlfG7bs09DKeZsJ98LwhRSTNN4uygm7X/0zNnNGC8IG8hCP4m3i3bG/kdP54gQWSNm8J3vqr2HsUNHhcYTwg1keZHEG+IN0g43nd0T9YJQQdpFGl/mXyKE9TkiRNpFGl9dFBDCX+aI8BeEEN/IwEaaJ0Io468Aw1aHT4XQQAmRbahYeY4IywhhDiXEtqHECENUOOHwEHcJTZQQeau2CGFoOZT65+Xzl+8aoWUbQjik8W54yFMjDC3vPHs/OOH7542JhMs7z0eHPNv53T9CNEp5ARs/3Tvn+8eEIeXZpEO4CQN9Twj7fB4u/2fyqe8QLu+8n3gIv4fOCbFayke4/LvNqceEds+BS4R4LcX64ScewtA7u1OPCEM7dofwE5Yc98MWMrXxEIYatqceESqTQ1SI8BMytbVQwtspCZd/ZhIid2r4CU8QwluU8AIh/IO9PgzZZdiY0D5GRdaHfyCEFyhhF9nFOGV7iFg4JFx+7gKhgrxTKNlFCf9ECHfZhPZZOPbQNgtFCHcRwj9Rwr+QfZq/mb/YvpCOCbEngb/j/21/mZm/UMIPGCFzqBlO0Agh+iRwE/Yxwg8o4TZCmC+xwhS9oT0gxJ4EXkKlhLx4MrONE2Kj9wmTECk0Q0Kk0PATntgTynmcMIu9OrjDaheohy/ZHj7jvW/Rsb9IeZ1xExhp+dIx6zejBr2zCP9hPgkcOra/SEbDxxvicZ9FiF3+f61jkIa/9A8nYR8hZLTDpaUKVkyZifiv/Ynfn9MfVs6RfvgvH6BygpXSHoPwAxKleWYinn+2PfGP88EhP2wP+XzOR7jRQUppGm8WS0sH2Iu+mqyOeP7F9sRfBz9b/mp7yBdOwnLT/hLl3AGDcBtZP0nHrI5YjtvF4I/48Jj4a5tDPsf59kmUElpo8GYB7QIrNbtHrESM2jiU/TbyJ/rNppx/jXIBBpQjJA2TXebbZXtYIoaZYRr/PvGsH+Pn40M+Tjzke5w3SMNYGrIKDZQa7C1PYebgFo3/NuGkX+LRu4dMehZ+i/NaWArbX6BssgoNlJoWQrjLrqaTrv9jPFq+d8iXCQ5GuSspsnSSW6xCw0jEfIJZDKLR+Nf7PeN1FK7+jvcKIH67f8jnr/FolHPDuZxAgpQjDZeyPaTnS2Fm0yeI8S8jgOzrj+QVew8PicY/vh5dy+cv8fjDQ2ylnCBByu73RCr2MbO7TfY1kOuPf/v44sfrH98/fos/Bhwd8h0OeWFziK2aWJCaKgfhATZ8SwlmrSGJRgmoyP9OSDCOQyZLKSWQq0vfstMQ4gobTeXjDsdVlO++ePR80h2d+4dEBW5rdZB2L2UqXB8eEcH6RZ7HRCgH5yO+KQ55LLAQqTOyGeEBZIRpuOPvG/EfEHawOsMXpDCaVpB+Ie3ymegRYCmB1BkpWWENpcMwRd9UEm7OkLCJWSjn+IIUwvR6Tk1UTnALr/mCFMIUm77BROb87ZXKYcxCmLo5g3Qpq2KzKZjIXER5I+UItTDd4mn3gzDFWiKYmOC84e0yYD+BLO5JM+QNUghTFf3UiPyMik0TWxiSiY03SEEqtsCQpOPEkbPXmk6jjaMENs7AsoI/SCFM0bmGxKnv9RRaIVpmYJ7hD1Ji4gVq4m6Yue3mtsrNMFZmpOSFiIVgYg//tpzjhM/Dm9LBY1SWekIWQsNA7ugThf1NRUhCNEal9IUq+Jl0BxH8IwV3fU3FDUhCNEYlWSwLl0jDwDNROg6HfeuKSj8cRmOUZKFAq7CkRhhfDQuIDl9TKwxYZgHKUkSszlgm4j2RzKf+IBJAPAlJL3TwWcJqkPFp8/kw9AzvERXoE+gwQ96RFxS3EMppBF0JS7TadDxHVModVpWBlW/E0cdBH6jYfagBotcugoNMQFhUiBbSgYnBCIMQED3ORRqiDEApHQk6/ETvA7WLrqIGiB42DdImmICZrkMLQUF1ncfFklfTzUaJAzC9rgadAi5tR3rM70sHRK/W/LCmB0DGBchyLyLc7MdSmU3RQvSipNIiynSQtEInnWKobJBZT2lfTDRdj9SNEhRRRh+UaB11WmYsbUdYw5uFSCLVTRuVAIlQNiCMa9PEKJGqsvo+0TGx0cWaqvSJgfgsSpWsTBWjRBCn6P7wQLvURpeyUSlTA5kpSPaAp4xRou0IRyoOIjV84kKoKkopzBWhNAmnjVGig2CQ6yu7jsO04kzJCHwkQHkiVJLNYNBxr78rVWVs2gyUbxLGTingnFEJ9EmLCDd5vsgOOuHUSWgJUrHCEaeSlY1TMCqBEuXjyUBQuuJCElqCVGQOqAMdU8bmSXlDFFLZKJ/Q+OQKUImOo24koaWDiHrNhyjnLUYwsiyQkYpSBvssPs4v5M1cq8KbTzjiBaeLksUI5fCoxOckuFc6ouWTn0/K3LoKSLY01FuOtjhg3LUYE+HOST+wgXipKBuB/kknnBDkk5K3qqONC0RBEUSoOZaRFmWpT1iIRmDWX8qlMV0YeyXQJEDnS6bJygoigpHN8JAykWh2jk4+lfr9frlchv+WPp0cdZrkgfAQT+T7sCmgS2X0ASJvLg4hB04OOe9p/NCxEB7NQQ8ALUTucjOZcoJE6TwEtBA5m8ZjzMecxwAnTCfRNuERoIXYTfMMcDagYzk+h5zuegdoIVa4ZlSvJEsVLwEtxJ7JN6R6obTZ8xZwidySUoMtka7hppKtoOrgJpOgDiJk1T+LSJXJit7dUc0esSL5H6lpueIPIFlMQay0fLZRTrYgP9xbLuHKBoGxK/tpY1qGJuH4BowDqYDYW3HU/R0psw411Psac1eQjKT7+2NjGrq8Xyk4Fo1UX7JxkIE+RuhQ1MaK7jGjnDTIFOO3gZa2iY3Bruxl/09K3SAx0Kca+kjUxsi17JGPclq+iMzMQEtZlTJeSB4wQmxYfE5eKuOiSKhC57g2XWaUk/kLMmXPLkDHOqCMka6Zca93yBmzS/2bZYDekcWoVlppV4yUk+lWRaX+zQcf0YCxd51LTrEHQPHSydx1b974iCgjFPbKRS7jGFJOZ8zbCpxlPvLvoaDmDCHNTJJ99/8hnZy08OaVjyg7MBLCtdsy0/wBC6GZNltdCE4L72C2/QHVtgUJlJFe99aQM4CJccoAl5GN224vQunImDSf9o2V3VZptFqUgLmez2SSyWQaUIkk6490Gv4tk8mv315XhnQQ5ur2HNt3R8RJi5KErBrsVbrXF7ctI2eaeSlvmjmjdXtx3a306MNDuuDBvLt3T1mgHGFaII81eDRC6OY592wFlMTMEedj0QfVgycSmjbKbgOnSlkeCNAOtp823H1lgXWk7P8R2EILLbTQQgsttJAP+h9ZZYTRbCWTYAAAAABJRU5ErkJggg==",https://www.google.com/search?sxsrf=ALeKk0108j9-spaLHvf8N1V2SpvfaDFLTg%3A1593176933327&source=hp&ei=ZfP1XtjeC7CG4-EPkpm3iAM&q=project+a&oq=project+a&gs_lcp=CgZwc3ktYWIQAzIFCC4QkwIyAgguMgIILjICCAAyAgguMgIILjICCC4yAggAMgIIADICCAA6BwgjEOoCECc6BAgjECc6BQgAEJECOg4IABCDARCLAxCoAxCnAzoFCC4QgwE6BQgAELEDOg4IABCxAxCLAxCnAxCoAzoFCAAQgwE6DggAEIMBEIsDEKcDEKgDOg4IABCxAxCLAxCoAxCmAzoFCC4QsQNQhAtYtRJgnRNoAXAAeACAAXOIAbsEkgEDOC4xmAEAoAEBqgEHZ3dzLXdperABCrgBAg&sclient=psy-ab&ved=0ahUKEwiYpavJxp_qAhUwwzgGHZLMDTEQ4dUDCAc&uact=5
11/1/2020,play store on Android,assigned to AA,Project A,https://img.talkandroid.com/uploads/2013/07/google_play_logo_text_and_graphic_2016.png,https://www.google.com/search?sxsrf=ALeKk0108j9-spaLHvf8N1V2SpvfaDFLTg%3A1593176933327&source=hp&ei=ZfP1XtjeC7CG4-EPkpm3iAM&q=project+a&oq=project+a&gs_lcp=CgZwc3ktYWIQAzIFCC4QkwIyAgguMgIILjICCAAyAgguMgIILjICCC4yAggAMgIIADICCAA6BwgjEOoCECc6BAgjECc6BQgAEJECOg4IABCDARCLAxCoAxCnAzoFCC4QgwE6BQgAELEDOg4IABCxAxCLAxCnAxCoAzoFCAAQgwE6DggAEIMBEIsDEKcDEKgDOg4IABCxAxCLAxCoAxCmAzoFCC4QsQNQhAtYtRJgnRNoAXAAeACAAXOIAbsEkgEDOC4xmAEAoAEBqgEHZ3dzLXdperABCrgBAg&sclient=psy-ab&ved=0ahUKEwiYpavJxp_qAhUwwzgGHZLMDTEQ4dUDCAc&uact=5
10/1/2020,burger feature on iOS,assigned to BA,Project B,"data:image/png;base64,iVBORw0KGgoAAAANSUhEUgAAAOEAAADhCAMAAAAJbSJIAAAAeFBMVEX///8AAAD09PQnJyccHBynp6f5+fnT09Ps7Oz29vY2NjbY2Njv7+/KysqdnZ2srKxnZ2dKSkoqKiqVlZXNzc0ODg7V1dUvLy+3t7eLi4s5OTnh4eFVVVV0dHRra2tFRUWDg4NcXFwXFxeSkpJfX19zc3O8vLyEhIT48BU4AAAJ80lEQVR4nOVd54KqOhBWukrVxV63eN7/Da8cr2dnkgAB0ojfv3U1yUAyfSaTiWwEcbj102te7JdeWU6n07L0lvsiv6b+fR0H0ueXiWiR7fL5tBnz/JotIt1L7YEwO1/KFuIALucs1L3kDgjTgp82SGY6Birj7bkXdS+cs1g3CU04+MdB5D1x9A+6CWHDyfrtTRYuvqObHApJLoy8J26JbpIgotQVTF8Fb2WKEFmfJJD3xM9aN3EPhCKYSz2KD8303dtUFoDSc5eb+Xy+WbpeB2VgrvNAJheOFXoPFdRPwsUhmr2U0GAWHRZh4j+UVY9jhIsuGsNW6TA/pUnUzPedKElPrRuh0KHsRC3ioUiTDnZD0qbo5ar5avDVtJzLVx/+8LFqpHKn1NC6N8i/fNtf6Yq2DTvDvQukoBlx/TKO2VB1y8nqxc95JmT9rchqH3Iqxi5w6lWkrZAJmhHd6h6wSJ6e1NlgN+kc514jq/+ItniiHXuiUvJpvLKn9WUckMBnT3aSMNcLB+b58HxpE/rMCd2FrPm2rOk+U5lyKvA/WZNKYjjMg7GTbYw7zGn/yJiJpXB8q9ClmNy7EH7yD4zdosyuSRiq+adg5v3BeIxfChVFlhos9PkyeMxcGkNj4rCnlyCQ36T06Ctxo3NiRS8ilTe2q8MiDZeynjPNrk+KdHwCM9qptxMxLj1sJmLYXqDNGgEqHEWgp5bFYCwoz9VgEqktetMbG4op+3jgRqWYjEzFng/UphrEbigxoV5I0KCe+gChQQl6FU6EdohbFqWqmRLwSsiF9QxuHMhxzImyh+TSeqnhDsmYdUoJEgvCXfTZx0wl7MHSJAIfJBKPv+g+BCkIzSKQJrGzWCT5lTln8AXyLHZkqCSXMYWLQpActRu3Ibx4ZshBEsQ+c7v8ltCMTNBkWCC0mw4a5b33LxWDeBPcDv8IC5ubzDUOxA2ttOR1buKfeSan0sVYLeF8GYQhbZogxCDEIhdLjPFv9Lks+EC8Dx7t7XskXOYFzG3O7T/AfHSpx6vWBTMsu1v5aYC/b56yRgOrb25brAEHCEwV9RhY8H81fzlCX96rWeFg4NBUs1DEmTJmC4pfYJGRN30Vb+mW920Q8NlqYh7Irp+Pp2InQPv0WP9FbHGZaBPWgXflKCH2W+ECh+MGl17rtMHC3pREeT5gIVD3EtFmFhKZUwjkOasRc8jF3csBqRMOShZhO8ERI5WXySULKIrEPIlr+I1W7c48BMgYZpWi/Iz7FU4mKJWRYfVhZqR+fQKAKKBFAVLQx/gKiZdIm0VoF3PavYGjBpxMYYY4CflfpPZwycJgddm4arApVlzPHMlEUuoj7wyPOkNG8CSDK7iHeAlhRDnwfz9dB1MCnseOMvyxzoJ8cjxGxc9UNXieOzpr2A8K9RmuGI5i8irwLAv60ZBeg8KFPOkpVBaDAvDEB9O6HyBJwqNzm0oh4idQqsNksQYfAIBi6ipwrauGEhSq4AtUqOc0fPEFxDJj9sd8hmHMrPSQiE++IB/apr8vC4qRRm8jwILOSZaJJa/vFnp8f8M0cCjupITAP7qeGrhHn9teRekLrw+RH3hcDigaiMu/7GAoRC5alycC0CX6Eu1QoRmPJ78O0MP/Umvge9XdhmI4kMvw+VFIfzRqQHKeQRooDXskMRoHeOieEhFKQ2GVRBoBGedTIkLmM6Z4Ux2gkfhXNCBrXffqhAASVIl3GCKe616cEMAIU6XsQUZjfn4QD2AOUcVq/ljGaDCrqYq+oTJuA6PBrKYyleCuHbva/QTknfuHEQT+9MYWFmUD1cIEyINhg0ZTAWo1MdJKee170wFZyxrZxFfdSxME2GPmjlyl4wwb0kgRTfAvO4QFFhcpeqNjyJflAeQtV3Qqx5Jt2QaoaueIsxrav7czoL/tOAE9Q7hLTp5wPjJfDbKPbqoILPrZT4Dr2uuUmM/u4CQJn53Y/AwoNUuYg9EpEaqmr5k0XLuQCAKl3gS80GWHMZh9v6SiSw3k5vdnJaRw028MReiyOmAvldCp0cGHEVMLkI8ONXTQIuxJ4ZqcXgE6SGsBFI7pHdp/Du3npfbLQ/t1Gvv1UphiY6dtYbt9eH4DG99+P439vjZYsHbVvTRBwP5S+33etsctnDeIPdkfP7Q8Blwl1Ngfx7c/F8P+fBrrcqKgdHgahNbntb1BbqL9+aX25wjbn+f9Brn69tdboIM4dn8bs2amZ91TOp66pzeoXbO1/vB3P46ihpSnWr22htT+OmBcy82zHUyt5Ua7Ebp/7a/Ht7+nwhv0xUBMlqNT7fh6m9jfn6ZXj6FiVD2G8F0BNvaJeoNeX/b3a8Odv8f4Ett67uF0Q8/Gvom49+X4HKftvS/foH/pBF1mamMPWqKh8rjiwXx9hHEvaJMvX6Fxg0uvN+Jt6efd4LhHV2COqSc7Sspu8sPY31ff/rsRCJY0lrB+l/st7L+jZPz3zCxb+SO+PsAd3V1BHDIOeXM4fek6gb1+PF405AsY3Z1dXHuOKPgxW2T0uXdtzHfn8d6rQtx/yBeM0gN80zp/0Q9xh6W53KbvHZZUYZqpgr//PaRvcJfsG9wHbP+dzm9wLzd1t7phJAq4Wx2VmhpHIkngZy8LgcpGMOcskmewbzbeBzmOKRyV5KL9s2Kponsz5KLIZaXkWCa431bkogZFkSgS9euoJ3JJA3VKUixOj3qNqfhILmhwCIl6ZB4z+KgIC1KEiSjVohtg6HNsZNRahNSiURt1+qMnfDqjU80ERTkp5jV1dZRlhC61DmGGK8VRdYgN+jmLTDa406PP1aqpiz29BKH6R8jI09upiy8GX/T0oguYDhSbfrxGVXpqwuhK5QkvfZmR9mKFm4p0hujGmLmQEVChpUa1VWULDoc9rZzJGPzmYXumMo9jkDIrV6TZOAdaIlUnQl6an8+ccCmz+qymh5kv41QEPnuyq4S5AO416d1/RD/XiHn+ptOyg+u+58w39szTs0jZkZxrZvlWwb1rGwp6qRjb0UmZx6+CIjcKQ8d/4ZgNlR5ORtm4v9tEXVbBvfYhP/bRtv+RjLZ5/cCuUlcfU1H8h8uuj8748cVSm/7hS3WaXdTwtCsUadJhSUnaSN10mutIdw3rD8z/mJ/SJGo+mE6UpKd520BHXe72pOXB/4VX5Fc/CReH6JdPzKLDIkz8a14wTBaaPp2NHhKGYVqH0nM38wob1+tQFrbXHUto36uDUJjQqGNNuVSF4UenbxYiSmW0H3BXRpULJC3CozO+dR8/Gk7Gw1n5UAxW/iTh4ItgO0ff6P4q8bbO7uHDOTM5UfCFddrvVV5SU1gnD8LsfOkg1i/nzJw8CH5Ei+0ub1N69vk1WxglFjojiNd3P73mx/3SK6vXWpbecn/Mr6l/X8fyTaL/AOgNkPOZE8hLAAAAAElFTkSuQmCC",https://www.google.com/search?sxsrf=ALeKk01Gx-3s4NSeliSNIrKqEcZA6IxhIw%3A1593176936387&ei=aPP1XverF9ud4-EPq-S64Ak&q=project+b&oq=project+b&gs_lcp=CgZwc3ktYWIQAzIKCAAQsQMQFBCHAjICCC4yBwgAEBQQhwIyAgguMgsIABCLAxCmAxCoAzICCAAyAggAMgIIADICCAAyAggAOgoILhCwAxBDEJMCOgcILhCwAxBDOgcIABCwAxBDOgcILhAnEJMCOgUIABCRAjoFCAAQgwE6BQguELEDOgUIABCxA1DDgAJY8oICYIqEAmgBcAB4AIABXYgBrQGSAQEymAEAoAEBqgEHZ3dzLXdpergBAQ&sclient=psy-ab&ved=0ahUKEwj3_-3Kxp_qAhXbzjgGHSuyDpwQ4dUDCAw&uact=5
9/1/2020,call feature on iOS,assigned to BB,Project B,"data:image/png;base64,iVBORw0KGgoAAAANSUhEUgAAAOEAAADhCAMAAAAJbSJIAAAAqFBMVEUAgsr///8eJSsAescAfcgAf8kAeMYAhc8AfskAg8sAe8cAhtEeIycfGxYfHRsfISPc6/b4/P4fHh0njc6tzunE3fC71+3u9vtlp9kfGhLm8fmmy+iCt98Jc7EDfcE7lNHV5/RurNsOZ50XRmYaOE2NvOFTn9UcKTIfis16st2cxeUUU3uUweMaOlEIdbQZQV0VTnMRX49EmNJZodYbMkISWYYLbKXP4PEGsYbgAAASv0lEQVR4nM2d6XriOgyGA4mzEfa1lMJAS1m6TEuXuf87mwRIYgcvkuPQfr/Ow5zp8Na2JEuybdUqV3c6HO3Xu+Xjot/fBlaw7fcXj8vd+nY0nHar/+etKn/49N9+twgc17ZDxyfEykWI74S27TrBYrf/N63yS1RFOB7NDjFayHDxREgYgx5mo3FF36QKwulgsrVtR8XGcDq2vZ0MqhhM04Td4azv2j4CLpdvu/3Z0PTSNErYHU1C3NhxxjKcjIxCGiRM8MrQZZS2MxmZ+1qmCDszYgQvhSSzjqFvZoZwsHAdY3gnOe5iYOS7GSAcr53Q3PDlIqGzNuBCShN2lnZYAd5Job0sPVlLEnY+XD3PAJXvfpRkLEUY81UxPVmRkowlCKfX4Dszlgh2tAm7s4rnJy3fnWlHAbqEt6Q6+8JTSG6vSvinb1+VL5Hd/3M9wt2VFiAr4u6uRDi0rjtBc4XW8BqES/eH+BK5y8oJ/wSmA1CcnAC7GpGE6x9ZgbSIu66QcLz4qRVIy16g4nEM4VCZVrqOCMEYHATh80+aGFbucwWE3cfrO3mx7EdwFAclHPd/1oYW5fShixFI+OeXLMFchADdBoxw9JtmaCobZm9AhLe/x8bQckHbDQjh/ncCxoh7M4S/yEsUBfEaasL17wWMEdUhnJLwF49gIjWiivDXrsFUyrWoIMRZ0cDzvEaq+L+romKksqhywgECMCZ6XT3dP2yaNzet9ubl/uvb8oLqyDK58vqGlHAIBgw8a3W/abZ67ah+UtTutaI36xrj6Epdv4ywA41kvMbdW6vVrl+oF71eAzGUJcUlhGMLFosGje+XJgfvNJLzK0xUYkl2GhLCPgyw8frSjPh8ySg+XWMQSV+H8BG0XfKsNwlfPIh/BYShTfwwdF3bdvzy+xbnEU/4DFqEjbtNT8InJrRvx93xeDrtDAfr5cJ2y9ZYbWH8JiIEmdHA+7qRDaCY0P3H/nOd0a5fjlJoUAWEY0hdyQteWnI+ESH54Pyb08HELdHt4As2/QJCiJXx5huBBVUShqJQK+lY0SQkCwzhDJAX9e7aihkqJnRmAsJ49txuNbPOIf+Hcgn/ARah991U88WEL9x1GAgJYw0XeozFxS0m7AKctHenXIIyQu5CpH7FBy3GgOf4eYQTtScM5uolKCO0SLBcP9/eDoYdvoEY6tRgnQmMcASZo5+ANXgkfBDFNL7jhEkTrU0Wu1tOZvCW4DO0LqcfjkMImB+NJ7mfhxDmIiR0rY/bYr9FV6fUDCHcAebo3Q0QEER4wgzd7b4wY/9ssbUu57IQfkH4BzJHH4BzNCb8bIC/Hgntj0Jkgi44uxfz/YJwq54Z3grkKNCECaQbsEmJIbIhl2xVhLcAE+ZtwEOIJYwVsoxTwK+cll1M2xQIu5BobQVzhZqECSNjEg+4xUgKTrFACArXoJ7iRKizA3YPtM3ZoRZjMXhjCacQM3MHX4W6hBZhJhsu7e5OJYQTwKapcQ8MZ07aaGYxmGFE5aX9iZiwA/hBgYUC1Ca0fLoEiqotuB0h4aNpOyMhDMPEN7h2KHYHdMIeM1HJo4gQMoSWh5ukIkL3edztdsed4WD2IczS0D1eS4RFZQaRJoQMoeUhDKmYMGQy8Z3bR4ebv7CpffsB7heZQaQIQUMYoCxpIi7hReTRHR14RzacHLGLcP30IFKEEENqeV/QXYWM0KemX6bpzLmciaSfOXCIK0t/PmVOc8IxLEH6F7cM6xE318ZP4HafnYtx9PN0NqISFuauJidcw3LcG+QQcgmLXjlnvNwTOofsT5fgPbGTl4ZzQtAQBnOcr6jX2/w8jbClqXORvrCX2R/CqzzOJeEAZI29bzOE8V5wst8naZpLxllxMuZ+EV7QzI11RrgAWSrvHWtoeqKYhpzSNOHi4tjosFiqydOE4Hma54dTQpCriAnfkIam3lJFbcmx0Q82g3TZJpj+DrrglZg5jJQQkJ05Ev5FOvx6ExKXEtuZMbansCf0M9sL2aEflWVsUkKgN0XtDeGEyTeymYM/jyxi3o0ArNvGvzWWENp86CH56vUb8N4i9OlQrlCgdVLbCzY29oghnEDHEBuzIQgLe8IFE2KRLEqBmcT8b1jIBQxOlGaEcMDEh+QmpxswKFmaEDyITpcihE7SYI4ewyauGYPqNmTNe27+oSvxPE0t1CQNXvGzFNltQh3fYuPQrIw9AA7HeZpaqEmKJ8RnoihEpgiWd5RAf2enaXokHEKdDJ6w+Y7O07hZOpDN3maDCNsjpI3gR0Kgu9cgbAvKh8nB16SbhpulyeNQptBH0k0GdKN4qqVbmLWLJmy9WIIpFU6m3e74z2jddy9D/ry8wriG7GOgwzjNawvxO8ESRjdPovZLsswW2/Q5uGRMwxumEpZlBqCh23EXaiGME85bRK3Pb2HNwma2Exfl3rxczVj58Py3YOmI+F8ZnAmhviIR1ONHzc+VpEm40GnXLdYJM6vCOMU0EANP08mZcAsH9GCEvdbfb3kTdK2gwjzKy4B0ijPr4HgGmsbtiXCK6HqARN5RK3qaN+RO4vJEzx92MWaVGaa3J52mkEL18adMj4SYQ00N5e6p3XqJp6fSKQcX6YsOm8xMNz/MDMumKdQjjo6EM0RXh/ciJ2y3vlTDd1b4sd6zTSZsJ5adbqVo/07SeAeUnj95RAu+HTkSyqsW7RerAY2piBParj2hIBknkK1ExtakHwIXYhKuW8A04lmetJEmekAfP/Ddx3xP+Mj17/SPtM//MzTOtBNCRLJclWtr3mkUC/18T8jYvGxG7iju1EJBrWPs8y142J1Imi/V6Uo4fo0se8EEyKmtoS1h1pgKnCvxb8SqPWNaHaQ57/a9bkU7zYcywUqaDxxTkywL3IDGI3yOCTERTYwoszNvemNo5XHoknIZvPHKdvrAb+1PYkKMKZU7RH3CMF1ztMfISmS0AUpbb4F7xHh7YSGqHYkakqR3W3S2Qi03NajstztpRhG658/2wLUV1KwuruNIZkzBfYiXyqph9HiFHJq0LDcCfu2wawELFqmkVe629hmnbLxoV86jSb3kP6i76FgoZ5FIQth81UZMY+qBgsb+d7lgZbKHFqxumKsh6S3t4dNOqbg0Z/dO7yRSQujuIhxYe2Q3tdzUaLsLLs35sw7nMyihs7dmKGeh6onC/SxKMkLVZzKRmbVD3pwnjWpa37rTtKpZ6u8sXEgTqyHpxmi/aROOL+2mjBBqS8nEQjRTnSRbiKK+BPUX4XqLc2BKh95Yb0EO1gL7ZaQLUXeaZjXpDzp+OXuQ2xIeP+brY7+MfHuhaU2zvgLaoaYbejoGxUZtMR+aUH7aoqd1dttP04T0kstawyb6kXdCiEiWnuV9SRZi70tnmtppIwadFXPSYin1FbPqDNhAbkWVE4nkxYuNxjTNN/m060rNJl3dxO6ALQ0+S+4v6k28rcl2h2y2Ld1a0IX7ME0UI368BqP3JJmmEdrWZDOv1mU+TjfA9JJLXSS0NpPw4dehok8YvcHIc2072kC6vDJMiMwmJusQb0sVTabouCZdb4U+ktRqjnkZYbCz0PIWirCm3kPO/LRRcswYj2zXT/t7P12x8Fizj49pLNU0RTuM7TF2KXSqZ5kbepJmlRl4qLnAx6WJpNa0vkEuRJLc8tzpM5ucLIxjS6Rdzofyn33A7y0SyTv2W9itPnH9oNDfnbWiL+kKaRrlwJdhvLfA7g+Pkrd7R9pnnTLZaTa4SxvNrOIGn3jx/hC7xz+pIa0jtlYlEfP+J6a4mW42xvDckrNG52lOkucyNA8d5grTOJXx7FkMAN46HfM02FzbWfLjT81yg5jHqUumopg6TmAFOFE4wOdLT5JGbiUHMT/nymRjsqk7RiSx7SE2550qeJUevCizEqk7n5h2tMzOwC3pMeeNrFtkktuaEuaUuklnxs6v9GPM+fWwi609ZVLcT6M9iGSbNYQVmjPSjRP84Ix1rD0h64e5FAcTsIFNqvzoIBun5kcWMVFYPCGwNeBc3rt8JWrWMPKzl+yvPttMQXPBR5EJto7PSN48xD+Wp1RGOGG+V746PzAjcqzja7oL5XFSvZxUlpTasV8rm7yoITz1Ymi6C/VNSnqXQp5zGoUjemF2YhK3Fzr206B6ohjJG6Tq7Xut7LC/HXSGhZNdeZwKueKJko3ua2Ok6hjWapGKFV5cvZcfqsWllc59bZjeRFaK04ilA/BUeZy6xk24c28iIlIvKJjLT5TqeoyCwmUKiGn2TXTuL8X+NUrylJRuFaMgPw/jsAvq3COsG7dZySDK+75LFPYzUWEc7E5VSuc+b+2oxlKfCy65UYxF8ls7ca7Qonr14ectLqS8XbD0Tcl+FqdCrnNklZ23QPXQFqTwifX2S7l5Sl1kfUDnzLIzM/BzT5dSXjnU+iqDaOdnSpfomZafe2L6jLFSXnaiUW7Lle80NJ4woM6uaQffiQLVXSAllmJ+Bwrmhv9U1PlD+EFnjpR3DEafgQLR80RnUNIxRIajJ1FnSMv4C8A5GvExy0RBw/p+/1rx3xg4r0NU4iIVfQ643GtH6ivqeuJdRuDNn6Jmr9dq8yM8J5lpt1pxJXOWu9Q0Bdw71LrnH6UJGq/36ZsKTX6nv7s9cE5gQsScxy83TQHX8rT+ctai5939pR5VaAlGWvOrsXcqlHyUC3A9Vvtzzg5R4HmrB/bRgWYp11lU4V4MRFGVJ6XHSF66WFEzNWjMv+qtooUyili42wR+YJ0r7xtwtrT58trw4skaBF7j7r7HG/abd2OIF/fTaOejTgJdchbdvKxe4zjvdfVwI/jfb1amEC/uGNLP1hwFPOQd9ZrRJmr1xA70pkyMR+nynijgXV9Cee/oO0H4ammmrwri3PUFPVorRITfgC1Xe24CkXNfG7xjky+Nq2v4ijYGkjsh7849RPmfK+8Le1mdQO1PvZZJhpB3byLs7ksZ4gP2LjcRIv44cUH03ZrY+0slUmVP4erpH/M7SXB/KabFgStj9rTe0j+Nmkh0B23pQbQa96ZGsVz8JrxHuPQgBhbixn0FYon4jX3iBX2ft1Qe/i4wkUoEN5L7vEubU4NLsd7WfVjQZ1/pwd+rL5e5pRhFmp5feq8+6G0EubxPQ14xDm60PL/8bQTQ+xZyBfO6KWuj5/kV71vAb0AVCvc6hFQ9aRqSL9UbJbimMb4aK/QFmSLhPb/6nRl8kY6D+GUMEe35AW8FlczYnBCfzLlFXIkV8t4T6tCUEPHNGGIL5zM4OJcfaVVBCvLeDG0WcX1HwHfXIG/nKdUwhngDH0To23kaBXOOPFMTFXF4Gvz+IfhaDalMmRs4IfwNSxPBW4L4bsRpgGcp5h3SsvnhFHGlei0YoOgBaGlwb8nC3gNWI97VS4fh4EYHgnsPWK+ufCFv/lDSpMor5JSwbzpr9JBxFTSeSi1GcHoY/y439G11pRrfkf5MbW+AKX6dt9VLdUrR8qy/um6j9QAEJH0xhoRwbIYwnqmruk5qI7p5Al4VSkRWRkFY6xhZilYyjG+ikqhYvY34KumCbM57PCBCQwbVOnaV0F0XALVbTwE4lhGZUTVh7dYU4pERPo7tm3t4FdEt5i0whAYRj91BbUl9O1PUS+6SBkf/CkAVIe7xSBWjN3//bLalkFG7+fluIXJsrtARAgmRr5wqGRuvXw/NloCy3Wtunu4amByiu1YBKAmNjuIJcr56++w1e712dAKNoqjd7rVa9fv3OeAqcAZQNYIQQp3uXCVkY363+rp/+dwk+nx4uX96/54Lu0zFgHv11wcQmjQ3OWUQ8zS8sxriHlopoMLIgAm1WpCvIHeg/upAwtqQ+w7qz4qE3KSFJmGtQ34bIrFkoRqekPNg38/KET6CqUsY7xdNxeEmZIv3g/qEph1jGan9vBbh5euZPyRCpJuJEoTxYjSRRy2rELwE8YSGo1Q9YWaoBmHtX/CzNtUJYF5Qn7BWKz7NdFXR78lXRlgbap5hKa8wwJgYfcLkSoefMKrE5ZdeqiDkPJ5dvew+MEwzQhhvN8h1p2pIQBsJg4S17sw1Up8CyXdnvPJutYS12vTjSsuRuB9T9depgDBejo9XYIz59BagCcIjY7Vz1XcfS/GVJowZJ3Z1UY5jT0ryGSCM4/F1GFYxWUkYrlExdmWEsQYL1/RAOu5C1z+wMkMYT9YZMZitin/WrPT0PMsUYazRJDQCSexwwulP05VBwjgKGE0cm/dKM5wu/vuTkbZ358koYazucNZ3bT0P4ttufzY0ilczT5hoOphsbdxYxmNnbyeDEqGLUFUQJhqPZgfHtUNl8or4oe2Gh9moCrpEVREeNR3ul/0gdG07dHwma06I74R2jBYslvthVXBHVUp4Unc6HO3Xu8lh0e9vAyvY9vuLw2S33o+GU9OLjqP/ozlZnYnsDKkAAAAASUVORK5CYII=",https://www.google.com/search?sxsrf=ALeKk01Gx-3s4NSeliSNIrKqEcZA6IxhIw%3A1593176936387&ei=aPP1XverF9ud4-EPq-S64Ak&q=project+b&oq=project+b&gs_lcp=CgZwc3ktYWIQAzIKCAAQsQMQFBCHAjICCC4yBwgAEBQQhwIyAgguMgsIABCLAxCmAxCoAzICCAAyAggAMgIIADICCAAyAggAOgoILhCwAxBDEJMCOgcILhCwAxBDOgcIABCwAxBDOgcILhAnEJMCOgUIABCRAjoFCAAQgwE6BQguELEDOgUIABCxA1DDgAJY8oICYIqEAmgBcAB4AIABXYgBrQGSAQEymAEAoAEBqgEHZ3dzLXdpergBAQ&sclient=psy-ab&ved=0ahUKEwj3_-3Kxp_qAhXbzjgGHSuyDpwQ4dUDCAw&uact=5
8/1/2020,sms feature on iOS,assigned to BA,Project B,https://d1csarkz8obe9u.cloudfront.net/posterpreviews/message-icon-design-template-ff734aad72da096f0e49f3d693042135_screen.jpg?ts=1581057128,https://www.google.com/search?sxsrf=ALeKk01Gx-3s4NSeliSNIrKqEcZA6IxhIw%3A1593176936387&ei=aPP1XverF9ud4-EPq-S64Ak&q=project+b&oq=project+b&gs_lcp=CgZwc3ktYWIQAzIKCAAQsQMQFBCHAjICCC4yBwgAEBQQhwIyAgguMgsIABCLAxCmAxCoAzICCAAyAggAMgIIADICCAAyAggAOgoILhCwAxBDEJMCOgcILhCwAxBDOgcIABCwAxBDOgcILhAnEJMCOgUIABCRAjoFCAAQgwE6BQguELEDOgUIABCxA1DDgAJY8oICYIqEAmgBcAB4AIABXYgBrQGSAQEymAEAoAEBqgEHZ3dzLXdpergBAQ&sclient=psy-ab&ved=0ahUKEwj3_-3Kxp_qAhXbzjgGHSuyDpwQ4dUDCAw&uact=5
7/1/2020,browser feature on iOS,assigned to BB,Project B,"data:image/png;base64,iVBORw0KGgoAAAANSUhEUgAAAOEAAADhCAMAAAAJbSJIAAAAhFBMVEX///8AAADc3NxLS0uGhoa0tLTu7u4eHh7o6OgwMDBhYWHPz8/4+Pjz8/Ourq78/PxYWFicnJxBQUG+vr4YGBji4uKnp6c6OjrGxsbW1tYICAhwcHB9fX1qamoTExNTU1OKioopKSmRkZE+Pj4yMjKYmJihoaGBgYF3d3dubm4jIyNkZGQn+A9lAAAKUklEQVR4nO2da0PiPBCF66KIC13krvAuFi+ru/v//9/LRaTnzASTdlosm/NNU0qfJpmZTC4kSZKkg+H84vw0Hw7SZKvRqR+lQo3OHXCLmJ76GSpWmgxO/QgVa5AMT/0IFWuYnKMVzWuenPoJKlckbL4iYfMVCZsvIkzOQZGw+YqEzVckbL4CCJ/G1wdddKDs5zJf1oWybJ4vu6qaiBVAeANlSPgdypDwEsoiobkiYU6RMBJGwooUCXOKhJEwElakAMLlEcKHI4T/QdmPqolYAYRtUB/KUu+yXtVErADChioSNl+RsPn6xwlb56CjhGeoSNh8RcLmKxI2X5Gw+YqEzVckbL6I8Ns56CjhqYd2JoqEzVckbL4iYfMVCZuvSNh8RcLm6ySE/c6k++Mle9spG/zoTjr9zz9WTLUTdkbZ7Uxu5JzPbrPRpIovrJWwN1qMBVte48VVav2l9RF2pjTR5VBr2vn8ZgGqibA3uvXC2+nWsiZrIWxn1wF8G42zttWX10A4WQTi7fTTyO5UTliQb6OFCWPFhD1ctheqS4P+WC3hj1J8G5Vf6Fcl4cTPPRxXq2xTrZBwasC30a8vSpjiotoyui3VG6si7FqeITLvfv6FdRN6ttBb31Bn+tUIX/2e+2V96Yvfpa9fi9CzCz5uL370u/j7VyJ8Cntmz/fxVHCMbE+YOk5impPtWe4tZLo8fuFew2Im1Zyw53Dz2RX947DxgktGjobbKrTO35xQB1y0E4rAW+7PLJL2m474FQhxa8m7ht/WdUv/y7u4LpWt6+qb2tYfTk+I+2PetQ27qClidVAlbhuw6lL/OzWh9lSzXehMlXsHn7vDwl1VTTSbHO76TQm5teXeegf/O6ZPUgruPYWhtYjgAM6SsK080N5i0kiRxwu/sHg/KmQru1Goz7AkVKzMxxsnt855Jno5HwGM0ipCrY0hIdXDWvOP0WuKybZb8WGMwK8/Kmoi3X/geNGOkBYfrbU61BTVhcxNUCs+9Lb2Stz324kIhau/zuWuMyySWW2yRNmhpP2Hbxzm+M0IpaPIY6D/1h6x5byC4C8CXYYVIYcsFxf37tKBcgM6GzYfgkpzExKgWhGKQBJ2NJNHv1ducI+XQEQgDjd+q59QmJlLKH7xuC9egtUs8soBxsaI8Cc9wRMWYyfTh+voMcnrcQD3s25CamLCWGKhbijIVGGhsDZaQ6+SkBMR5O8mPk9Hb4lS3Tw/8LdeQn7DHFiNvG6LF91RKYeE3hPFJoQ8BmA7gJ7A5bCxs7JHYVvmPVK0IGRfKHKbGHReavdI2GAKc8Q5WF+faEHIfUR89zMUuyISNDXPXMzv0XfezYKQUiqPXE7pQpcZRFMzFuNAysD5RqcGhNxDRBXSBa41CDRGFE6df9XAc2LRgJDebSYuwLjy2dWBetiYZbqCBigvtRFSI5WvFvupHP3uhQZJ9jNyq8O6CMkZKgBoJBfOO2HOWDG5NBXn5xLLE1K0NZJXYNDqblzY3JXQkyIHv2FieUKK2JQZInz1yitQAZTG0Mev8ptwK0+IH1HaYB8HBu6EJ1qkofKufpd+vgKE5AqUGqI8m3toh7e6VhKj1Ey9RomlCSmgUV48+Tm3fSCbpfhNaqZeYU1pQkxfaIEGPvi1O57sYWVrrwI9k1cyozThDD4hIraEG9/NkXvhmXdaG0RzO6uDsI8xp2Yo0YAceyp8W5pJwo649JnaL0voEXPiUx0LmHGEqL0t6tM+oWlZQqygP9pLRVt0zImha9VOWOxjV/WZaitLiBU0u1KEwVhrpF2z1QjrcKFdg9G5O3qwI/Rc0lSRtOS5NaHn+q6K5EqIWBJSHFWz3OMUO0K7VaRF5BN74yfCCUM2itjLPZqOhPs/I2EkrFp1EJ6/LeWp0Xr1uwbC08Y0Puvb8RNNi0t90t74iXBCXFu3upTKcG5zlinXvF+JI+AH7coVXOJzhH1ZQhwfqikKHB8em57+C1eqeSZMdNQxPjztGN8nnViWMMW1g9pLxeVCT8oVe2HqmGfy5b3mPvPAZQmp2WhdH6tZzO3mhAN4rYLQsB3L29kR4gBRCzIoX+rOj/U/z5ei1fJxh+UJjy702Qr7zrxMzttr6ZE1IS0cVDoPTeP7zlvIiXyvFYD2hPQRJXPSRzfnfixKHSvNmSKoAs9XhBBN/FK5AscfmoncCWtI69JouP3WtJcnpKWvir/A6NydAcQ7KXPA1Ej9lrSXJySfr6S/cFGYe8IIp7GUZV20OcxvuUl5wj56RMUEorl1j+mwNUtDSQHNjd+Wy/KEvIBXtsLPLchW/c+mnqg/ZH6PZ0BIC0OlSzdaE0UBge8iWgNCCrbkmKCNJtDVfXBB0Fy8CJpPPxb+WRNS65Efw57qmn1HAhlz0rf4zMpYEfKeNfHdGE1mjtvgsjXh7Pg9+h5CZEEoEm785Tj77koBoinlFQH8Gr3355sQ8lJ99olF1nnz+JePKvJerG9CKHZ1UWRGxlQ3NbTykEwphTMBu7tsCPn7xzT4xlLd1JCpxMIen2Tnjm6rIRSVSPkm9OV63IbNkBalcOI5YIOeEaHYXoYxF5oabfzBPyCJhkZs/QvY72xEKOcv4Bk8VtwdWwEo3l/IQSdWhGJj0jKfraBF6FpHpGrKD/A7dDRIwIYZQ0I5gbHKx6cY2GkeEb1hPiTrr/jWPksw7AkT8Rz5A2WQfynjkTbWU27KpS9OyFgFPZcdIXuMdeDVcxXKdDb11IMz6Mk5WH9PYUuonPFwOFCGYi6ZoSB38FHJynE3gad/GBImK/Ewhx35tLmOM4Vkij7C7pQSCBehbdSWkOKurfbho+Pgi70cx2aIvakX3puBKiFUD4KcqvQ8P4NBz55Cu1/wUZGmhOpxK7/7GgMODaiudiFbXzv5NPzcNltCdfHJeBvekEfHqIQiom29d7Vjo32Wl1RLyKnFnd5SOYLNR268v29tn1L1LCzPBGKVhElbPRN5ORXWNO8wyFWsK2oqArWNroscn2xNmHT08+SurzgiOITmHFjfjVbqPY5MzNVJmEzU179mJPRD6EnZyLnj3PZxsZPM7QmTzvGT5T+0j589D1MuCFgFYdJWzY3ULjoVB5foWhU9wrwKwqSnnrynI3oCPhQ6M7EyQsfZe1KXE88mWuCsvYoJDU7yzqvEIbuVESb3oT8W4NY47HCvughllrqofDZVnIYwcTjuMP3x2dt0KsKyvxuw0Wvp3w6olHAd4Hj6DYdapXpgLYRJcuc4ONlDT2EpJ4cqJ1x3x2I/kTAs2wHfVQPhevAQvivj1qT+NqqFcB2NPzpGHKqWmeFvW9VEuNbdmzjEUtWfhVn1bVUfYZKk99lnXbKVda1/tKtOwo16dy8uB/LwODL/SbKkfsKt0u5o+vr3YfZ8c3PzPHv4+zodmVfdh05CWKsiYfMVCZuvSNh8RcLmKxI2X5Gw+frHCc9QkbD5ioTNVyRsvhLL37j9iprz6eNnp6HYAnduGojT+c9NqfcCnoZqOyV5zojvc67pYHiOFnU+HGymRv4HpWWs2s9k5N4AAAAASUVORK5CYII=",https://www.google.com/search?sxsrf=ALeKk01Gx-3s4NSeliSNIrKqEcZA6IxhIw%3A1593176936387&ei=aPP1XverF9ud4-EPq-S64Ak&q=project+b&oq=project+b&gs_lcp=CgZwc3ktYWIQAzIKCAAQsQMQFBCHAjICCC4yBwgAEBQQhwIyAgguMgsIABCLAxCmAxCoAzICCAAyAggAMgIIADICCAAyAggAOgoILhCwAxBDEJMCOgcILhCwAxBDOgcIABCwAxBDOgcILhAnEJMCOgUIABCRAjoFCAAQgwE6BQguELEDOgUIABCxA1DDgAJY8oICYIqEAmgBcAB4AIABXYgBrQGSAQEymAEAoAEBqgEHZ3dzLXdpergBAQ&sclient=psy-ab&ved=0ahUKEwj3_-3Kxp_qAhXbzjgGHSuyDpwQ4dUDCAw&uact=5
6/1/2020,camera feature on iOS,assigned to BA,Project B,"data:image/png;base64,iVBORw0KGgoAAAANSUhEUgAAAOEAAADhCAMAAAAJbSJIAAAAeFBMVEUAAAD///+Ojo6Wlpbo6OhWVlb7+/vw8PD39/fX19dMTEzU1NTi4uJJSUnBwcGTk5OlpaUjIyNycnJlZWXOzs6ysrJqamowMDAeHh5RUVF+fn6cnJy5ubnJyclERERZWVk5OTkTExOrq6uDg4MWFhY/Pz8xMTEiIiKzgOkoAAAHBklEQVR4nO2da3viLBCGaUxjsmo8RNsaaz203f3///BdT29lIOEwsAxe3J9brnkMgQGeIezp0WGhA/BOUhg/SWH8JIXxkxTGT1IYP0lh/CSF8ZMUxk9SGD9JYfwkhfGTFCIYt29Mj7d27C8Mfwo3mvIubLzF4U3h1EigR4m+FI4NBTLmq6P6UjgxVjjxFIknhe/GAhl79xOKJ4UWApmvULy0+mmlMPMSixeFuZVAxnIfwXhR+MtS4dpHMD4U1pYCGas9RONDobVAL4NNV5vD1XTQxba/yQyhcOpcYIfCYtEfyKqnRdth5oL7wUaqsJyrAukZ2J9RCnf/RuFaHUnnmLBFCWRM8Qq4UTjSCOStq0HdNaFxwy4VtjqRdCwFzFaFMlwvo2QKtSZseZ48RAtkbEhE4VHaXONAYUNEoXTCWDoQyNiSsELlLKPF3LtCjclCrhA/zFyYeVNYLo+DLJu+6kTRTDMBRwL/JhQIBsdlIVdYzvbOIgzNflaICgeho3LMBiissKkIPebje4Wr0OF44f1H4TF0LJ5Y3RRilwN0WV4UusglqVKeFe5Ch+GRl5NCndVgvFR/FeJ2HajTPLFHfgtPlMzmlCgmaqa1ZRExGfsIHYJnGnYIHYJn3CzKKfPoTzCRSHhgUedSlqYeLKK89h0vvoSOzgFfRY9AN0cKgal6BaIMBDT4pRAY/46o8mSxCh0hlj5/xBmcSYIAygOb0ArnuzbLBptBlrU7q4x/oVJob8ZCM5nWeckFU+b11Hhp2j9ZBNs1PLR1V2RFrXAmAVqKj3AxUvzuS5NUpPdNDDGSHjaqfnWiNJjGms5JP3d3PquP3K4hY6bf6HzyLGGtdW7tGDObYYgngGNn6vvJtfwRdLAx+8a0Nz2xM24N96ED1+XTSt8Js+kxGMoEuQeDQTUcqmVqP26ccV7BGrXJr/F6Beaj5fZ9uxz1/pF5Xd8/pbOIMF8t7ldM88WqUybpY/cOZ+hwI7NcvW06JpWAyzwV8kR03L16eJE/c7K7u9I1eN7vhNhJOytRA8yrLFZ1Ri0rTilonvpJepzeoCFZJJMcbSS7mbquaMm/2lWhemUvRql/jiApQKBneBWTtW+D//4Q/pucYVIYRwuzLVFxmKLmRhMmb9PNUOEpEsvehCWh+Vme8C7SOg6Ej9BmnQczIlIPEb6FdsHBCdW26N0HcCC1272Eow2hDByGZuv9h/3UaZAowHGCvSmXP58ilNiAccZ+/xpk4WR2NMBUViCaAic5X85ixAESZ4wjYsA3RcXADEZSTM4MatWpjKZ8VLilHb9WDG09uAKMPLieBQ6yaaz1wQCIbI1vjIYbj797ANux+JmHxq4b/+pgizX534vGUMP/6tjjar7P09iR4t8c7FYnf0ENiaosMIVhTRG/udYw+ZEzvh2HxCduDgJEw9/oWKLb49cXFDYV/Srco9vD8+FVIYXSur1XhXt0e3j4LQzXI00Iv5oAF5Hru76cRIiF/9HNr9fl4QcuEvMhyNqwtiZ++UQipwGZN/YmJX5LhIaBiF8NYHNlfkuExrUyPlfANHZMn/mgcE5YcPclkaMLPihcxwLGRkcRYuHPjHBZDZ/RUNn0BscWmJNNcEzq6oo7LOBFxPzwYHMZmz44o3QVF9h6pTHfnwDDg/00DbyNdO4gg3ep276J0KxAppMKzmDb3gXOISlZFaC/0M5yDyvTaCQ0V0BsVrum8CpvGiunG/Dnt4juACv5qEyGV+BDxH9Jh9YjlFhETVdRgo2WXL1eCSM0mxUFlz+d2f6GaGM3yd5Edyot394ZsdYi190KlFzKQuPgkOdLiFJ3W0pSxUBtmLkgK7fQqQuV3dBPsI+ekIVaqBKTT1lBO52UGyCt8Rn22U9aaekTjbNtGQdhyrho3Mhd7fOO0i56E8UP0sKgE1UGV0KTrKvYtKRwKtqJWDfxP0VVT9tm/b1u2mndU0pbkDhu6kZ5l5OKYh9agopvtYg+1B9iCs8c852YnIZVT4XqSppuyBU7dWH7jZGI7ltb2/TU3KTYLTzmn02N4sKIe57Nvu9bUTDOmCLPOaXkNLzA5rR6l2RUseo70ag/9ldHdn2SwNdn30fGtlRqRpA0x0pc55ajGdGrEyzZN9NjXY3H+Xhc1bOsIb6CSCQSiUQikUgkEobEsQVrz4H9Dh2CZ/YskottrVmw6LYpDZkxKmZxX4yZoy++U2X+xOLbTTfiePpabuggfHI4fw+YosHKFdvLV6sfd8I4FTOera+EPPFOOdcQnBUWMR5tqbn4Qq725UfsqNd625tB+/GGm9up148FffYndEwOef25oPDeZD/avJC2lGnyZzG7N5UJZQQPR1IYP0lh/CSF8ZMUxk9SGD9JYfwkhfGTFMZPUhg/SWH8JIXxkxTGz3+p2nPIkjMLggAAAABJRU5ErkJggg==",https://www.google.com/search?sxsrf=ALeKk01Gx-3s4NSeliSNIrKqEcZA6IxhIw%3A1593176936387&ei=aPP1XverF9ud4-EPq-S64Ak&q=project+b&oq=project+b&gs_lcp=CgZwc3ktYWIQAzIKCAAQsQMQFBCHAjICCC4yBwgAEBQQhwIyAgguMgsIABCLAxCmAxCoAzICCAAyAggAMgIIADICCAAyAggAOgoILhCwAxBDEJMCOgcILhCwAxBDOgcIABCwAxBDOgcILhAnEJMCOgUIABCRAjoFCAAQgwE6BQguELEDOgUIABCxA1DDgAJY8oICYIqEAmgBcAB4AIABXYgBrQGSAQEymAEAoAEBqgEHZ3dzLXdpergBAQ&sclient=psy-ab&ved=0ahUKEwj3_-3Kxp_qAhXbzjgGHSuyDpwQ4dUDCAw&uact=5
5/1/2020,clock feature on iOS,assigned to BB,Project B,"data:image/png;base64,iVBORw0KGgoAAAANSUhEUgAAAOEAAADhCAMAAAAJbSJIAAAAgVBMVEX///8AAAC0tLS8vLyurq7c3Nzz8/O6urr4+PjBwcGxsbF8fHzp6enQ0NCcnJzLy8uUlJRXV1clJSV1dXXf399GRkYYGBjT09NVVVVqampjY2MsLCwQEBA9PT2CgoKNjY1LS0uioqI1NTUeHh5vb2+Hh4cLCwsqKipeXl4iIiI5OTmHkf8/AAAM9klEQVR4nNVdaUPqOhAFLLUIAgq4saMs3v//A5+IdE7SdEtmprzz6V5sk5ymmS2TaasljSR+7UXDff9jtjt+Lg7tw+LzuJt99PfDqNeNE/H+RdHtrN/m7WLM39adbtMD9cG001+WcEPMVp1p00Ouge7wrQY5wtPw/zCZ8d2XF7s/HCa9m16Zg2gTQu8Pb1HcNBE3EhZ6fyQ7tzeTjx9s9C74em2aEiLZfjPzO2MeNc3riu6k2ogXx+Vsc8ZseVxUu2V1CyrktUwzLE6r4d1okJgrK0kGo7vh6qmM6qlpBTIqUuuLp/Fd+SRM78ZPh4JWNk0uyAJ+u3Wvjswf9Pb55l1jHLt52uFlVYvdFXGvn/fOPjWxHgfv7sE8j0NWzuv6093sRN0KGDrHsViHP+zu2s1xyzDq6hi9uMbQ51ovj079M9cTq4nLfjmy6uckcr2tE84uCvDg6Pvjkb2b0ZOjnx57N1nEDg0/GYh0NXU4Yu/iJvl9ttO+nJgbOBbkSKy3X2R7FJq/KxxKaS3ZXcaFOMnyO2OaMSyWYi9NRsTMhd+YP/QyclVI4PTtfjz0QxwNfWIUW7vrcf02ShHbVraPVLuM1MM6iW3VcarfRgmmtlHs84JG/pOfEeJz5sU4strve7WS3u5zc8aSYjXi7AfoJ2FGgfd3rFEw2lGWI7HxtCtIFj/4NTD4Zw7kzq+ZLMZmu95yLEqb8LbSLXnOZO2vzFb9dREDQ1snsziN5mN7DjBiQtfhL7omxaF/S1eYBJ9CmkrSZkIcBEsxB1M0CQYavdcFHWiRfHFS3PMu7Mvz8lOmgDHfqMymGOzs7vprzaCpTXnT8W8oMhq6pc2gO2Nk3qrfNNVuYZOEwDK26Q0TtCl6Cef4cMsELYr/fFowbMCm97hc6OEA3+vfb8Sc+KOhHDAkam37zRCjGnFYH2wDZmEa9HjUYDgF9aQN7rxIxidDgX7/ps6NaPnxx3w4sYOR1rBQMVywkxsdB2IviW/cdaMZWCnQX3ypetOsREJFzw3srE/fftxvlxuBUr/iBiPKYNer/bdXwhYGqoQ/U9ul2FFoVHJ/8B19c/w9fWaaFFNfwjWLzzTgQ5XGcAfUpWKoPT1L5zHt89nxV1Te+/LGMPjrnHOPhR0MUM+uP+O6KpcPcPGq7AKtSXyEPp0XwHtXqt0gMLNwXwG7QJ6h69oAE9sd7EPZURLTGMClOVELeOsbmMOclxDdjOK2YLrd72gL5FrOJAsgdcZz5TdshRfa0eg35191paizx43jyldQ+PIVheXBji3Sdo9n2bbQI/hD8TyLn0WrArLhCiwbiNHNint8fNB2+0t7rDSJYBwImZ2dp90pIIBbBFDkHxWuEcqRuwgyly3IgGX5/IDlIJM9do1uBW9cOPFaOomwCmUCF7HwAwRV516JMMsyI6AAp4wYBmfY+ZaA4SCRcdTC4IiQsIG4lCs0AfamTP/yDMGgdLjuYBQITaE8w+JZguCqVPBJniGI04xNRlkEQrK8pcEQpGXGKIMQqVhSrAJDMFpsrU8RxKCEkkIoMATr1NLpIGfkXAYNhpBbkfeHT7HOVRjmThUdjZNSFS0dhqAwDO8B7B3B5HsVhmBd48/kIG/k+tZhCLIGt64p3V8yQKjDkBIQ4DUFe07yWJEOQ/Ag6Mdt+pucMmxpMYTXlCK+M52ulRhSwmiq9MEmFd3xVWJIQd/l9SfyvUtiiIFQYgiv6XXCyHFiyJougBZDUvpXF4oMGtkUUi2GJDj/9l5ga0q0YzWGpPzmlx9oGebGinmgxTCzEMmvEE5gU2NIMbeLf0ELUziLVI0hLcSL6NRahnoMKSD1u+7IZ9zI9qvH0Jo0EjQVclGCoMeQQm5nUTNW61ePIXlQZw1PR/qlk/H0GJrnAGnvXrrkhB5D8hH36FiIJ4/oMSTp+YY2m7BFo8mQhOkcdUduihAXFBlSzkUCykK8iJ8iQxKfcWub/lv83IgiQ3J5uxAqFT/bpMgQ543iNuJZ+YoMKfJ93zrBmhSGIkOKRm3JhJPPaVZkSG7+muSq/OEYRYak5VeUnCobSTyjEYZ90v6OfLrRQxSN+JanBMNkFEUP2W1rskXfiWHmjNrVQGfbMxVgeHX9bGslAVpA1sQWJpoH/AxJ1dlBtLTo04YYWoY3Jvgz2QLEkCm2jufWLG1+vP6+I4bWxhoeCWNKxoScnXuWBrHSqfWeghJML9mYl2DlpC+W8RgHN1mOhWHFQeu1oA1DYmhpC4E5hKwznlksmENgmKcPBdYhptOzzGLBOkwZHkjoLK3bt+nNbKl8Zi0LhlnMl6XpOly00nKWmdIS7PrQrvvGMIt5+pDia9+0eXjM3s9s07TsujIMFHNsGjS30xdW55wW+yzmAMSLon/4Cx2KZLV9QABc6eS9SZFH9WeAvgXFbOQL5l6gMYvkAa9gY0btNJrCLJJeGoLtoleFhl2iFvTQgYiwYhkak6LALJJV3dOM6gOkZxEjwoo7MwhhipR9EYPmEMxhd0BWolIltgRzvph7KYHoLKbtnmOkdC5RueSM4CySOjzH18iN1C5aJjeL1PLZMaKCC7K5l4UDYaZIZsxZE5G60K/qJUXRSmRL/6crTH8hRJGa/P0vCdMG6nqJUKRUjEtohvynJuojSlAkKX0JMZHtLZ3Y5oQARQpQXbYPKCbXTH09fop0yOnP56Xmmymwx02RluG1uBlZNQ0VKmWmSLsHV2eCnCmxY9wl4KVIRfiuLi/pfL0KbBZYKVJD0+xPjVVEZqRIE0YhYMreVzdNU/BRJFeCjljS0mywHmuPiyLpChKcsJOmFTR1gGkWYcsNovi0n9jca8o1i1QXEfftt+mv3xxD9QXLLFIDmPEBlQgarS/PMIuwC2tYaFR2sCmlf0H4LFL2gunQQ14Cz1B9ETqLIDTv8/4gnlVXjECKJFHsqaKNUq9PRTAijCJV1bPLBsICbfp7MiEUewU0iLzHxzB4EUCRJOY88zfI8mrQrrnAmyLYM9nTIyBrtD4OnQ9fiiRNXCoBirc3/7UAP4pQo8UVVIMZ1twrzYEXRchVdK40KI7Z/CT6UIQpdEtLUBjNr0QfilA1Mce6hkrQjYvTlk2xPAwI6aubnEtgEm/i4zI1KUKF2Vyjpco1mjAplrxX4Jbkl2KGSSwJ2CjV8zYolggH+Oh0gY8LX5gpOlH6W5P9oFGT3aBYeCUUTCxKm8Fc8/xkTM26+r2KDKvW1UedmfskdL+NQBQLPQJ4+4rtFXwUOcJL+/sWKcWiZBg8O1GSCYzfVnVfAaaPzjdK/uRfUewBj06UHkmHa93CCy5QykgdTH7WTGE6Ezx1R0K+BVzazveU/txA7oYbWxhzBUUOPpbTAm/ie0/FQOFRJRgKNQbbG8ffG/lmVyHgsxzVYqF4xMx1pquR764VoPZ31wwvxHlLI9/OywUqiqoBe+P7h7fgRxUBz69VN0Fw96Bc+jYKYzZqOET4MWDRsrTBwO+Q1jpk9w03NpILVhH4Ldl6JRNQxfxfvgdcM3xmfBH6ZhSDhS0OsrYv1w+6WwXGl7U9EhCWeP/Nf1vd5zhMsrhtigZBvzwgQ9poH8YohRmH8zz/Orphij2esRkC9WacpTPYRjY2GuKogrD+WjMs6aExrqDcirXRVLDqv6ig4JQdQ9GH1go01GJoCZDrKxFYpeHdGFNwJp5JMcgMp+hByNH/eMdL0H4lngP8RZLNATaSUQKGKZfSpBgwOrP2bWgbv2ByCkxx47+KGBhOzKGwFSQ1hXN747nNT0rMM1g+PZoDYTwe0jFb9jxBH7oOrQfNu4s7shr3ywxLb/e5OZ5ZY2A2I6cHq32fabguRJ/lY4mY9o49Iyb+Z0+jRxfb3zs9BOB0Y/UukkphyTGvkcbRMKr/ZJK93bXQkQL7RWnPddyNe7tfuajK9MXu6kM+JN5d2p3OJJPSvuze2n3ZHLjpKdOj4Bcaz7A14w9Wchyn79nuxFdGbEu1M0eZd7X7ke2KqUhlMTIC5wfv/FliPcej1Arcxtm18aOBWc9pxLaF9gvF8zwj28K5vKxcQdWRY/n9PEPdmO3YNYb29zh8Rb6unE3Lf7rBxsAhBs6YD0Me9Wi1cDe70ql5aOLVNvavOEx6PgpkEOU8NBXDwo3RLm9I7fnqvs6optEkYy+leGty02RkexyIl9OwV+rEJd3O+q2gkfZT05tCo7x3NeX5sdrePQ4ScyElyXR0P+4XcjujOJ9NCa9O2Z7F4nm3XM42s+W/+bNT22Sxv5Vcl3iYv4j88U8nubMqRi47JwSTppdfFvG2bEVWx0moNG0wBiwkT50bOHaVj/i+otxx47PPW11bCK9jl+NTisNpewuqoSKSbjTJN3iy2OxrmUA3g9dovzmWcJs/re//R1PnQhK/3kXjVf+03B0/F4f24eX7uJu99/fDh15XQab8B42KgvUS67iKAAAAAElFTkSuQmCC",https://www.google.com/search?sxsrf=ALeKk01Gx-3s4NSeliSNIrKqEcZA6IxhIw%3A1593176936387&ei=aPP1XverF9ud4-EPq-S64Ak&q=project+b&oq=project+b&gs_lcp=CgZwc3ktYWIQAzIKCAAQsQMQFBCHAjICCC4yBwgAEBQQhwIyAgguMgsIABCLAxCmAxCoAzICCAAyAggAMgIIADICCAAyAggAOgoILhCwAxBDEJMCOgcILhCwAxBDOgcIABCwAxBDOgcILhAnEJMCOgUIABCRAjoFCAAQgwE6BQguELEDOgUIABCxA1DDgAJY8oICYIqEAmgBcAB4AIABXYgBrQGSAQEymAEAoAEBqgEHZ3dzLXdpergBAQ&sclient=psy-ab&ved=0ahUKEwj3_-3Kxp_qAhXbzjgGHSuyDpwQ4dUDCAw&uact=5
4/1/2020,calculator feature on iOS,assigned to BA,Project B,https://png.pngtree.com/png-vector/20190115/ourlarge/pngtree-vector-calculator-icon-png-image_319747.jpg,https://www.google.com/search?sxsrf=ALeKk01Gx-3s4NSeliSNIrKqEcZA6IxhIw%3A1593176936387&ei=aPP1XverF9ud4-EPq-S64Ak&q=project+b&oq=project+b&gs_lcp=CgZwc3ktYWIQAzIKCAAQsQMQFBCHAjICCC4yBwgAEBQQhwIyAgguMgsIABCLAxCmAxCoAzICCAAyAggAMgIIADICCAAyAggAOgoILhCwAxBDEJMCOgcILhCwAxBDOgcIABCwAxBDOgcILhAnEJMCOgUIABCRAjoFCAAQgwE6BQguELEDOgUIABCxA1DDgAJY8oICYIqEAmgBcAB4AIABXYgBrQGSAQEymAEAoAEBqgEHZ3dzLXdpergBAQ&sclient=psy-ab&ved=0ahUKEwj3_-3Kxp_qAhXbzjgGHSuyDpwQ4dUDCAw&uact=5
3/1/2020,media player on iOS,assigned to BB,Project B,https://encrypted-tbn0.gstatic.com/images?q=tbn%3AANd9GcTbWSljmvyhQmPDxoOpilO3a1XLKSew91DThA&usqp=CAU,https://www.google.com/search?sxsrf=ALeKk01Gx-3s4NSeliSNIrKqEcZA6IxhIw%3A1593176936387&ei=aPP1XverF9ud4-EPq-S64Ak&q=project+b&oq=project+b&gs_lcp=CgZwc3ktYWIQAzIKCAAQsQMQFBCHAjICCC4yBwgAEBQQhwIyAgguMgsIABCLAxCmAxCoAzICCAAyAggAMgIIADICCAAyAggAOgoILhCwAxBDEJMCOgcILhCwAxBDOgcIABCwAxBDOgcILhAnEJMCOgUIABCRAjoFCAAQgwE6BQguELEDOgUIABCxA1DDgAJY8oICYIqEAmgBcAB4AIABXYgBrQGSAQEymAEAoAEBqgEHZ3dzLXdpergBAQ&sclient=psy-ab&ved=0ahUKEwj3_-3Kxp_qAhXbzjgGHSuyDpwQ4dUDCAw&uact=5
2/1/2020,music player on iOS,assigned to BA,Project B,"data:image/png;base64,iVBORw0KGgoAAAANSUhEUgAAAOEAAADhCAMAAAAJbSJIAAABL1BMVEX////mWi//mQf/kwDre1nmWCzMzMz/lQC4SCb/rTn/3sL/mwX/4cnJycn/rznMegb/17T/zJ7lVi/htY7KdQDL0NHreVa0Qyf/xY/qdVDnUyHreVfqcUv/qTD/nQLnVifnUR329vboakToZT3yhDPnXy/gWC7t7e3sgWD2yLv9pzjkfBX5kgrTsKfRUivyr5387Of529P5mTXh4eH2kDTwfDL/oiC8TSTQZR3geFzJTynacBr1wbTvlXvsbTDqZzDt1L/kiQbCVCLakn/WoZTQvbnxo4zti23ukXb7nzb4kSf/u2r/9ujyhhPc0s/YnFjZlYTuk3jwn4jkv57/wof/t2HoeRjfbCHksKPmw7nWTy7ahG/4uXDslhzjlDTy4tHbp2/QiznOgh/it4XqzbDPwG95AAAQgUlEQVR4nO2d+V/a2BrGDRrAySAtJaHBIEsUQUBQEUSpVoRap6V1nLmdxbnT9f//G+57TlhcyHvOCUnA++H5YTotMebL827nhGVpaaGFFlpooYUWWmihhRZa6ImotldsV9+8urwsFFZWVgqFy8tXb6rt4l5t1hc2vbK1YvXtimEYuq5rmrauaUBI/9TgX+DfV95W23vZWV+mQ9WKby51QCNQ9gJSQ7980649Mcxa8VWBuPaQZagH3MTRwqvikwnavWrBGNOt60bOzEvyY0l5M2fo62NKY6W6N+uLZ8vCG1w0YaMsdqIPAufw6dCNwnxD1tqXQ1P0nEkAbNnuc0qAqQ9i2bhsz2u47t0M08sgdFxwdzCB0hgm7M08GlksWLGmGSandZPMNIcnKRRnDXRftXbBWB+45xRvaKXlpKavVOcnWLNVjYanlpsSbwRJz6Zr1Tlpkm2NFgkj7zg6HzHKlpG6Xp01HKhI+dZzebfwBpBSjoS9rs06H/fe0ifbnfB8xEhD43KWdTV7Q/PPC74xo2bczCwdi57yjRl1YzahWntFAtTwkI8y5ulveTuDzlEks7VmestHGUnv0LS2z3yQgSRAveejjDRU/c3GPWKg7nKDQBDzOpkAfCyqbTI9+mTggDFHEH2LVBKh/hk4QMyTqLnxha9W0H02cMAINuoFH2oqSUE/SugERCiqmuZ5MpIur3vcA20RJR2S0ePu34b+a8yGjzKSX+9pvakaM0nBO4iQjIaHSyoC6DQFYw/lENH0EvGNsaKJNwmKc3Z6uFmv719Z2q/XNw9PzxyBUsQ3HgFCnueF6aSzzfrV6uoa1aql4V+u6ptnkigl6Yy6J4gQopogHtDtr47BHos8drV5uiUIqXkSqACoC/FJh/s79+FSY93H3Nk/lIQYvUBsCzkYi53W7+ClGo2GErgvBf4tNYZcrZ+KGKm53jSKAoCx2NbmCC/1mO0BZ2rk5KZAtAKiq61/T+cGhLpZX10b0iFwjynByDNuRig3Lg5wNW1lnRfwbN/iS6HePaZMWYz7Z7yIsJxybwwvaCt8bSK2tW+FZ0oEbwBpMa7tb/Ex5le0gluAsB7kmmRi0qbFxxWcE9SwGOtcjND63VovtnkBD3fWaHg65KOMxMi1nUNeRFcKKlQZnmGbBOi0fGNGrlCFMdyNapOFosUDeEgLzLR8lJGWHB4bZSjx0+/A3WgcfWJgoBt8I0YuGzVt6lQs6hxlNHZKMtBB/bQTqatrO6dsREjFKRs/dEJ2EsYO3TTQErWRHamQilN2xV81jj2LursGWqI21tmIuvbrNIBFgznLxCSSgu4aaKlBkpG95tCmGVCz0AlZv2DryiNAC/Fqi2UipKLzenrDjtEtUmPcjtChFFJvmIiG83q6pzMbxRkApjziI0oB4hnrIpzfs7lkxuiWx4AWIsNFiNNLZ4BFnRGjMQLoTQqO1SCIeLmRdYdNkT3MXHkPSBGvGNcBCykngFWd0etj+34AUsR9nFDOOXlpUZZlYazuDyBFZLV+zcEEXtXxRSEZ1bwtMvcQ8QFONsVNrDHWTLFT/wBpRcXHcFhHiY6nYCF2RtIn/AMERFbPMIWX+wW8U5Aq4yNgIADVhmGi4LZUEbeQJKFXo9pkKaxUNAV7IsPCLa+GbXvBGI7GqaCJewZu4b6vSWgpxYhT0xCZTm/QQkpi1HdAkoponMoiu6c1/OUkUEdFYjS0zKsQep7G2g7moWwK7Ge0cQvrQjEaevkzr57jiCnGaCPQMC7RiXRLLEaXn3H/3p+W8VOtrmHFRs5xL6L2dGwDEcqMUB11kbCBm5jnXglXMQtjZ4J11EVCiFPs5pvMfeu7gLUKsFCs17tJqKAdQzY5W+KegQGKWugqIYzg6B1UzpaIB2ld0EJ3CRU0E+UcX5iiQbolvGZylRBMxMopX5jWsJE0tilqocuEytomGqY8Tb+IBumO8EDqLmEgtYOGKc8C4xUWpKfCFrpNqKydItdncsym2QJm4b74msJlwkAKrTUciVhDJzYHy0K3CRvY/C1zJGIRWVbAskkY0HXCALaIkk12Ir5BniEnQToifP3CXq9FCFPoSpj9ytNLLEh3HGzODAl/i9vrhQihgoYpc32RRbph7NRBkN4hjNpJjDCA7Z3KBmvze28LIdx0sv3kPmEDafryFms0LSIRELuahvB5SLFT6KUY4RWWiKxSU0V7hZM90jGh7SGChIFV5Bpl1vD9Nm1v4ZmjLUQPCFNIIqbfMgiRPShnaegFIZqIOoMQKzT1jTkh3EAGN3kLB6xhQ+mVE0AvCANIqZFlfG7bs09DKeZsJ98LwhRSTNN4uygm7X/0zNnNGC8IG8hCP4m3i3bG/kdP54gQWSNm8J3vqr2HsUNHhcYTwg1keZHEG+IN0g43nd0T9YJQQdpFGl/mXyKE9TkiRNpFGl9dFBDCX+aI8BeEEN/IwEaaJ0Io468Aw1aHT4XQQAmRbahYeY4IywhhDiXEtqHECENUOOHwEHcJTZQQeau2CGFoOZT65+Xzl+8aoWUbQjik8W54yFMjDC3vPHs/OOH7542JhMs7z0eHPNv53T9CNEp5ARs/3Tvn+8eEIeXZpEO4CQN9Twj7fB4u/2fyqe8QLu+8n3gIv4fOCbFayke4/LvNqceEds+BS4R4LcX64ScewtA7u1OPCEM7dofwE5Yc98MWMrXxEIYatqceESqTQ1SI8BMytbVQwtspCZd/ZhIid2r4CU8QwluU8AIh/IO9PgzZZdiY0D5GRdaHfyCEFyhhF9nFOGV7iFg4JFx+7gKhgrxTKNlFCf9ECHfZhPZZOPbQNgtFCHcRwj9Rwr+QfZq/mb/YvpCOCbEngb/j/21/mZm/UMIPGCFzqBlO0Agh+iRwE/Yxwg8o4TZCmC+xwhS9oT0gxJ4EXkKlhLx4MrONE2Kj9wmTECk0Q0Kk0PATntgTynmcMIu9OrjDaheohy/ZHj7jvW/Rsb9IeZ1xExhp+dIx6zejBr2zCP9hPgkcOra/SEbDxxvicZ9FiF3+f61jkIa/9A8nYR8hZLTDpaUKVkyZifiv/Ynfn9MfVs6RfvgvH6BygpXSHoPwAxKleWYinn+2PfGP88EhP2wP+XzOR7jRQUppGm8WS0sH2Iu+mqyOeP7F9sRfBz9b/mp7yBdOwnLT/hLl3AGDcBtZP0nHrI5YjtvF4I/48Jj4a5tDPsf59kmUElpo8GYB7QIrNbtHrESM2jiU/TbyJ/rNppx/jXIBBpQjJA2TXebbZXtYIoaZYRr/PvGsH+Pn40M+Tjzke5w3SMNYGrIKDZQa7C1PYebgFo3/NuGkX+LRu4dMehZ+i/NaWArbX6BssgoNlJoWQrjLrqaTrv9jPFq+d8iXCQ5GuSspsnSSW6xCw0jEfIJZDKLR+Nf7PeN1FK7+jvcKIH67f8jnr/FolHPDuZxAgpQjDZeyPaTnS2Fm0yeI8S8jgOzrj+QVew8PicY/vh5dy+cv8fjDQ2ylnCBByu73RCr2MbO7TfY1kOuPf/v44sfrH98/fos/Bhwd8h0OeWFziK2aWJCaKgfhATZ8SwlmrSGJRgmoyP9OSDCOQyZLKSWQq0vfstMQ4gobTeXjDsdVlO++ePR80h2d+4dEBW5rdZB2L2UqXB8eEcH6RZ7HRCgH5yO+KQ55LLAQqTOyGeEBZIRpuOPvG/EfEHawOsMXpDCaVpB+Ie3ymegRYCmB1BkpWWENpcMwRd9UEm7OkLCJWSjn+IIUwvR6Tk1UTnALr/mCFMIUm77BROb87ZXKYcxCmLo5g3Qpq2KzKZjIXER5I+UItTDd4mn3gzDFWiKYmOC84e0yYD+BLO5JM+QNUghTFf3UiPyMik0TWxiSiY03SEEqtsCQpOPEkbPXmk6jjaMENs7AsoI/SCFM0bmGxKnv9RRaIVpmYJ7hD1Ji4gVq4m6Yue3mtsrNMFZmpOSFiIVgYg//tpzjhM/Dm9LBY1SWekIWQsNA7ugThf1NRUhCNEal9IUq+Jl0BxH8IwV3fU3FDUhCNEYlWSwLl0jDwDNROg6HfeuKSj8cRmOUZKFAq7CkRhhfDQuIDl9TKwxYZgHKUkSszlgm4j2RzKf+IBJAPAlJL3TwWcJqkPFp8/kw9AzvERXoE+gwQ96RFxS3EMppBF0JS7TadDxHVModVpWBlW/E0cdBH6jYfagBotcugoNMQFhUiBbSgYnBCIMQED3ORRqiDEApHQk6/ETvA7WLrqIGiB42DdImmICZrkMLQUF1ncfFklfTzUaJAzC9rgadAi5tR3rM70sHRK/W/LCmB0DGBchyLyLc7MdSmU3RQvSipNIiynSQtEInnWKobJBZT2lfTDRdj9SNEhRRRh+UaB11WmYsbUdYw5uFSCLVTRuVAIlQNiCMa9PEKJGqsvo+0TGx0cWaqvSJgfgsSpWsTBWjRBCn6P7wQLvURpeyUSlTA5kpSPaAp4xRou0IRyoOIjV84kKoKkopzBWhNAmnjVGig2CQ6yu7jsO04kzJCHwkQHkiVJLNYNBxr78rVWVs2gyUbxLGTingnFEJ9EmLCDd5vsgOOuHUSWgJUrHCEaeSlY1TMCqBEuXjyUBQuuJCElqCVGQOqAMdU8bmSXlDFFLZKJ/Q+OQKUImOo24koaWDiHrNhyjnLUYwsiyQkYpSBvssPs4v5M1cq8KbTzjiBaeLksUI5fCoxOckuFc6ouWTn0/K3LoKSLY01FuOtjhg3LUYE+HOST+wgXipKBuB/kknnBDkk5K3qqONC0RBEUSoOZaRFmWpT1iIRmDWX8qlMV0YeyXQJEDnS6bJygoigpHN8JAykWh2jk4+lfr9frlchv+WPp0cdZrkgfAQT+T7sCmgS2X0ASJvLg4hB04OOe9p/NCxEB7NQQ8ALUTucjOZcoJE6TwEtBA5m8ZjzMecxwAnTCfRNuERoIXYTfMMcDagYzk+h5zuegdoIVa4ZlSvJEsVLwEtxJ7JN6R6obTZ8xZwidySUoMtka7hppKtoOrgJpOgDiJk1T+LSJXJit7dUc0esSL5H6lpueIPIFlMQay0fLZRTrYgP9xbLuHKBoGxK/tpY1qGJuH4BowDqYDYW3HU/R0psw411Psac1eQjKT7+2NjGrq8Xyk4Fo1UX7JxkIE+RuhQ1MaK7jGjnDTIFOO3gZa2iY3Bruxl/09K3SAx0Kca+kjUxsi17JGPclq+iMzMQEtZlTJeSB4wQmxYfE5eKuOiSKhC57g2XWaUk/kLMmXPLkDHOqCMka6Zca93yBmzS/2bZYDekcWoVlppV4yUk+lWRaX+zQcf0YCxd51LTrEHQPHSydx1b974iCgjFPbKRS7jGFJOZ8zbCpxlPvLvoaDmDCHNTJJ99/8hnZy08OaVjyg7MBLCtdsy0/wBC6GZNltdCE4L72C2/QHVtgUJlJFe99aQM4CJccoAl5GN224vQunImDSf9o2V3VZptFqUgLmez2SSyWQaUIkk6490Gv4tk8mv315XhnQQ5ur2HNt3R8RJi5KErBrsVbrXF7ctI2eaeSlvmjmjdXtx3a306MNDuuDBvLt3T1mgHGFaII81eDRC6OY592wFlMTMEedj0QfVgycSmjbKbgOnSlkeCNAOtp823H1lgXWk7P8R2EILLbTQQgsttJAP+h9ZZYTRbCWTYAAAAABJRU5ErkJggg==",https://www.google.com/search?sxsrf=ALeKk01Gx-3s4NSeliSNIrKqEcZA6IxhIw%3A1593176936387&ei=aPP1XverF9ud4-EPq-S64Ak&q=project+b&oq=project+b&gs_lcp=CgZwc3ktYWIQAzIKCAAQsQMQFBCHAjICCC4yBwgAEBQQhwIyAgguMgsIABCLAxCmAxCoAzICCAAyAggAMgIIADICCAAyAggAOgoILhCwAxBDEJMCOgcILhCwAxBDOgcIABCwAxBDOgcILhAnEJMCOgUIABCRAjoFCAAQgwE6BQguELEDOgUIABCxA1DDgAJY8oICYIqEAmgBcAB4AIABXYgBrQGSAQEymAEAoAEBqgEHZ3dzLXdpergBAQ&sclient=psy-ab&ved=0ahUKEwj3_-3Kxp_qAhXbzjgGHSuyDpwQ4dUDCAw&uact=5
1/1/2020,app store on iOS,assigned to BB,Project B,"data:image/png;base64,iVBORw0KGgoAAAANSUhEUgAAAOEAAADhCAMAAAAJbSJIAAAAllBMVEUAqvAAw//////y8vIAt/gAv/8Awf8ApfAAqPDm+P/5+fn79vIAxf+G2v8ApO/59fIArfDp7/Pa6vLz/P+g4//T8v/g9v8ms/HF7v8+zf8kyP9R0P/u+f674/qY4P+o5f+Sz/Hi7fJdvfB1xfHP5fLQ7fy46v+ByfGe0/GJ3f+96/9r1f9bvfGv2fGa0fG93vFFt/CQzfLNtYkNAAALQ0lEQVR4nN3da3uiOhAA4IArpIuClYr10lZr99Te7f//cwcUuSQZmkBmqs7n9tm+G0jCZJIwVyPiq9uH4WI2HzidY/CHWYjRdLfZ3iWxzh/PfvyJ5Gbh9D3P666zJ0yDcz/0d6tJV+HkZdC3ZLMszJkhe/7XQfgwt8uzLtwrw9Fn0+MKC5cvtp5MXGGG9J+vjIXxEMOHJMyMm6WZ8MZB8aEJM+PKQJjMkXyIQsb8qbLPUQlv+lg+VCFjoaoZFcIFIhBXyPyd3KtKwmSA9oTiCxln0pMqCm9RfejC9Em9axb+h/mEkghZuG0SPmADCYRif8NogRRCoRWrwlt8IImw/i5WhAkBkEbIwn9KoYXv21MRMhYrhAvkcYJUyKeyEHOqRi9k5Tz8KCR5CQmFLJwIwjkNkE7IpnXhDclLSCr0P6vCmMhHKWR8WRG+UDUhqXBTCpdkQEoh868K4fAyhYdGzIQxHZBUyPw4F5J1pNRCvsqFVGMhuZCNDsIJ0XTmF4TZNwYj7WeohVlfkwoJfdRCxjMh6UNKLUwfU+beUz6k5G34nQoXlEBqIdulQlIguZC57Ir0NSQXhgnDTuP/spDfMcop228IV4x0vP8F4Ya9kQLphe9sdtlCNmWUHxa/IRwxklz+LwoZw0d5/TSO1TmFkPtZ8AsQ9uc3k6s4ec0rkHKhz56/1tfXT9sdPhLZNyuLBx8KIR99RFHUSyMKnt79cxb2bypLlW488/ZC/t7b8w4RbJGJqMD/3HrMvFTIH4NeNYIPXCIi0Lt3xRg4f/i0DkyJn6hEROFcAroT70/41BMjmJ6nsH8rC9230UZswrS/+cJsRDzhQAF0l6NrCZgSR+co9IYqoZtEKuEz4qiIJ3xQCv8qgL0IszvFE6peQ0DYezpLoXqXwCUJxeG+6SnF7EzxhPJ4Dwu/z7GncWb6wmCHB8Qc8RNt4fg8R3zvTVcYbDA/EvGETl+1sUwlfAoRgahfT4qpt0qI+hYifx8qpjWyEHVCgyx0HK02xJx2Ywu9l5+F0fcZZzHS51TaFygJ12ediXKcxU/C4BE7nYgslD70RSHmnJtEKI0YghA3RUMi9G6ahBF2spRA6DhxUxui+wiEQr6mJgww8zNkQuEboyZco05IyYT1b4yqMHi/hNU18ROjIsRNBNMJvfqgXxUiT0jJhEtASDFSUAjFyXcpvCbx4QvF1YtCiJu6oBNKi6SFEDX7RCiUUopHYbAjakLs70Mpo/iXdKRAFyoSisc2LEcK7GEfVygfxHEQRqtjE/Ln3hkLVUsXB+F1qboOVueba1Otc++FZerC30bYyTZEYP8VEpapi2mEnjBFFEpZqKOwTF34XxH6yIEHBNeeyjY7lkehpqPQgEAtxt9q6sJfE8zg8IRKYCosF3z5c1E9dIZCoNgkFVaS3CRfUlhC1craXlgZKT7K6qEIL2+KBFQWte2F5XJotUgx+kJLSuEAPeVIsY9ypKgVKeJlpZCE4FmUW3GkQP9exAHK64Z5xMVuBC4UKaJlh1GEirXfPN6OQn8lFSniAFGEUuqiiMQ7CkeiD216iiGERgrXnTm58DAhFYg4IwYCUFlHs4/Xfr6jhO/kWuhehDM9tQ9U10LtY1DsmRnLQKwVbwQhdKJvtjH+IOSKcvYsUKoW7APVVZdpxP1i35OqnL2HVIVpXags0d/Hm3fc9/SobsIeSkLDNlCZutjH/niKQxv6T6qK/R7OiGFbqK6bzWK/WzV/SqWdQUVnY3/EsAxUpy6yOBxve+xLt0AjIiQ07AIbR4qKsPLxKzai9YSGZSF4hn9+JNxRWElgCHF90kKxPKiMK3EfsHrMzzob23v1rArhCelC2un8TjVi2ASCqYvyiOJyt3qomHsfGtHywptNIZy6KM41qOzHn0LdqeUUuEWgXC57jIfieJGKEB4x7CY07AGBJHcW5Q9Vz1QQ8xhlI1odMewJ4dRF5YSYmhD4wrBciGLNByW5s9RF+VO1czF8edNz3tnYTIFbEzalLgCh8kv/QLQ4PbUFhFMXtcPs62ebqLI1B6HFEcMSsCHJXTsBRzi9Rc64HTsbeylwS8I+mLqoH7UlCBVZ0zzsJTTsABuS3PWTtsQTeOARw1oK3I6wIcktnCX2p/6HwyOGtRS4CcNLY6AKB0xyTxzhR73pPop/Hx4xPthIFdz0ZCIT4Nut1o2DzRHso/yUh0eMQB3rr0cjo75vAd/eZhB/xb6yuhKsF1Ew3hn0Q7rAPvhx20qoXM3Xj8BgS58uEJyTtRSWh33wb7CzaSDqZwI0H1H4u6GlsNJX8nWbVtRe49BsQ1vAUihXRpmF9veHXhPaekarbVhu4Q6hFHhTRCvNRtQS9i2MEpKwsg0fTGg0he68TksIp+q7CIUqU9MINHNyWg+ptX6mvrNrXTxnvEUbRpp9jZYQnFd3E1arvc07m0gzm/ObbVjZ2wWmwGmEDrze0lFYfMo3pMCh0B0RtYTwum43YSX5CyY0YKHFnqZhVbCjsDduP2LorjRqCS2+iOJ+/E3bEUM7bawlbKg17CisTL7AhIY6tFP/ekJ7Y74oLJO/DQkNRehnVDWFDcvX3YQtRwzd4V5faI0oC8sRA0xoSL/Te7T+BZwSB2C6qZPQOKERRdF2ZJCo0RZmxpfXyVXHWF5LUXb7YAq8tx4f4+ljw4yyxQbCLJ3Y7xjeKPSlKP4YOAU+rvyaYarYSNg9fjh1HkxodKjpOzEhQgr8tIRMcVJ03oita/pOTMh20JsYtT2Z79SE8IjR9nTFUxPar+lr9Xd6QNgQWq/pa+N7GwLx87U8Gm3ogyNGu5q+FsKGSm4bQjgF3u7IHnOgRn1eJ6HtCg1zoWbVRXthQxV4mwoNY6BOfV5Hod2aPlNgw3eizq9r3oYEAFvtGzIWgm+h1g1uekJwxGjzJhoLIaDeRYqabQgmNFqMiaZCsEBP77ZPTSGYAtdNA3cQQkk3jZHCQAiOGC1OxrYl1Ly/TfvetZG6EVvsGjIVAhMa3aswtYX+p7IRA2OgeU+jLEKMtf+D9O/OU6bAW5QsGguVOUWxPs+CUJnQiLb4fanyRUy0r9w1aEPViNFm856xUDXx1r/q0+SGRzkF3ipZYywUjz7Ouhn9W5NNhP6nSFyb+1oJxef01eBaaKNbOv2vGjHqtargbyH05rX+9MHk3muze0j9jwoxGJusVnQS1vYZJguji70Nb1r1H8dBftllr+3RfK2EjucNX5N4OXmYGV5cbnqXLPd326f1evyx4W3T+u2Ex0Ua4yuvW9yW2/XW2cu/D/jy73S+/Hu5L/9uda3syhkLN0z3w+5chSt2e+HCO6aXIjtbYZgwrTzu+QpZzDSzgGcq5DuXZcdTXbDwOxVOSF9EYmH4LxXSvojUbehmQtIxn1bIN3sh6WNKK0wf0kyos3R7psKRexBSTtxIhXyVC+NLFfpxLqTsayiFWT+TC5eXKQyvCiFhIxIKD02YC+neREKhv6wI6bpTOqG/cqtCsjGRTjhy60KqiQ2ZMJvO1ITuPQ2RSnh8RivC4mTDixCmX76yMCbJ71O1YawQGizGn7yweAnrQt2yptMXhneuWmi2mnu6wnDrQkKTkoPTFYYrFxbityK+MPx0m4RGdRUnKay9gyqhmzio4yKykLN/IkgSuvEMk4gr9KfyQTqyEHcChyoMvxUaldBN5mjNiCj0p9ITCgrTYQPrbUQTcv9TTQGEbjzU2Yl2MkLub6DjRSGh6y5RjChCHm7gcztgYdqO93PzoidyIQ9H3+DxsD8I05gMHbtIy0Lu+xtl/6ItzJAvs1Rp64m1JuSch3z6/ANPS5hF8no/XMzmFr6R7QhH093m+S7ROifvf+wQHooC/f+eAAAAAElFTkSuQmCC",https://www.google.com/search?sxsrf=ALeKk01Gx-3s4NSeliSNIrKqEcZA6IxhIw%3A1593176936387&ei=aPP1XverF9ud4-EPq-S64Ak&q=project+b&oq=project+b&gs_lcp=CgZwc3ktYWIQAzIKCAAQsQMQFBCHAjICCC4yBwgAEBQQhwIyAgguMgsIABCLAxCmAxCoAzICCAAyAggAMgIIADICCAAyAggAOgoILhCwAxBDEJMCOgcILhCwAxBDOgcIABCwAxBDOgcILhAnEJMCOgUIABCRAjoFCAAQgwE6BQguELEDOgUIABCxA1DDgAJY8oICYIqEAmgBcAB4AIABXYgBrQGSAQEymAEAoAEBqgEHZ3dzLXdpergBAQ&sclient=psy-ab&ved=0ahUKEwj3_-3Kxp_qAhXbzjgGHSuyDpwQ4dUDCAw&uact=5
