order_id,car_model,car_maker,purchase_date,gender,price,full_name,car_id
712,90,Audi,8/5/2019,Female,89892,Kaylil Caudrey,car05
958,90,Audi,27/6/2019,Female,98028,Roseann Whiffin,car05
642,200,Audi,30/1/2019,Male,64056,Jon Aksell,car01
163,4000CS Quattro,Audi,21/5/2019,Female,63990,Amalita Clarson,car02
142,4000s,Audi,7/3/2019,Male,55461,Ham Durgan,car03
28,5000CS Quattro,Audi,8/2/2019,Male,82938,Felic Tapp,car04
5,A3,Audi,7/10/2018,Male,75766,Victor Couronne,car06
233,A3,Audi,4/10/2018,Male,78041,Alford Daveley,car06
633,A4,Audi,12/10/2018,Female,57183,Deloria Duffus,car07
543,A5,Audi,10/6/2019,Female,54026,Nessi Spere,car08
152,A6,Audi,23/5/2019,Female,48184,Guglielma Curragh,car09
245,A6,Audi,17/12/2018,Male,94044,Bogart Ick,car09
863,A6,Audi,4/10/2018,Male,73629,Bastian Mattson,car09
714,A8,Audi,5/7/2019,Male,43721,Quintus Bye,car10
772,Allroad,Audi,9/6/2019,Female,87737,Brandy Antecki,car11
987,Cabriolet,Audi,14/1/2019,Female,36493,Deirdre Quidenham,car12
804,Q5,Audi,28/5/2019,Female,66696,Berte Salzberger,car13
976,Q5,Audi,27/4/2019,Male,88435,Lars Busain,car13
858,Q7,Audi,7/10/2018,Male,64590,Byrom Gawthorp,car14
92,Quattro,Audi,17/6/2019,Male,41700,Penny Kerr,car15
812,Quattro,Audi,12/1/2019,Female,45572,Nadine Annable,car15
46,RS6,Audi,8/5/2019,Female,48396,Astrid Salthouse,car16
591,90,Audi,17/7/2019,Male,94193,Nichole Loudian,car05
204,90,Audi,23/9/2018,Female,73955,Tyne Kalisz,car05
491,200,Audi,6/7/2019,Male,80737,Alleyn Wollers,car01
661,4000CS Quattro,Audi,12/3/2019,Male,75372,Ezekiel des Remedios,car02
85,4000s,Audi,2/5/2019,Male,32685,Hillie Skirven,car03
552,5000CS Quattro,Audi,10/5/2019,Male,86057,Dame Dmych,car04
645,A3,Audi,7/1/2019,Female,88043,Goldina Bulman,car06
891,A3,Audi,3/10/2018,Female,94742,Leshia Jaskowicz,car06
916,A4,Audi,7/2/2019,Female,51365,Liane Lockier,car07
475,A5,Audi,9/5/2019,Male,54177,Yul Scutter,car08
359,A6,Audi,9/7/2019,Male,38495,Ashley Isaaksohn,car09
945,A6,Audi,21/11/2018,Male,30489,Rabi Assur,car09
40,A6,Audi,24/1/2019,Male,38271,Roddie Murtimer,car09
498,A8,Audi,9/3/2019,Female,40024,Ezmeralda Reame,car10
547,Allroad,Audi,16/3/2019,Female,63857,Ilka Devons,car11
560,Cabriolet,Audi,29/12/2018,Male,64293,Jeromy Crisall,car12
138,Q5,Audi,17/5/2019,Female,99667,Cherie MacSherry,car13
336,Q5,Audi,27/12/2018,Male,94476,Ganny Hedley,car13
324,Q7,Audi,29/9/2018,Male,94372,Averell Delagnes,car14
495,Quattro,Audi,1/4/2019,Female,87371,Babb Hubbucks,car15
480,Quattro,Audi,5/6/2019,Male,67350,Brandon Yegorchenkov,car15
236,RS6,Audi,8/10/2018,Female,82482,Lurleen Cobson,car16
894,5 Series,BMW,3/1/2019,Female,82175,Elinor Yair,car19
563,5 Series,BMW,31/1/2019,Male,53610,Simone Whitten,car19
307,6 Series,BMW,12/12/2018,Male,37976,Myer Letts,car21
265,7 Series,BMW,17/5/2019,Female,37610,Mimi Laughren,car23
392,7 Series,BMW,19/7/2019,Male,58052,Derron Ourtic,car23
965,7 Series,BMW,2/1/2019,Male,82955,Patin Ashburne,car23
310,530,BMW,2/8/2018,Male,34616,Symon Bannister,car20
527,600,BMW,2/10/2018,Male,75292,Seymour Dybbe,car22
924,600,BMW,26/8/2018,Male,32261,Waverly Clive,car22
777,600,BMW,23/10/2018,Male,56190,Brok Cainey,car22
90,750,BMW,9/9/2018,Female,92203,Berta McCartney,car24
567,1 Series,BMW,22/10/2018,Female,70468,Brittne Draysay,car17
925,1 Series,BMW,20/6/2019,Male,36315,Carney Fellowes,car17
856,3 Series,BMW,25/2/2019,Male,84915,Howie Reddings,car18
912,3 Series,BMW,3/9/2018,Male,83341,Jarrett Sparey,car18
321,3 Series,BMW,8/10/2018,Male,77213,Brannon Sidnell,car18
234,3 Series,BMW,10/1/2019,Male,81660,Orson Vigrass,car18
561,3 Series,BMW,5/8/2018,Male,94386,Malvin Ruffles,car18
992,3 Series,BMW,7/7/2019,Male,41147,Danya Muat,car18
286,5 Series,BMW,30/12/2018,Female,30152,Sande Hayfield,car19
213,5 Series,BMW,16/1/2019,Male,38611,Hugh Gerhartz,car19
351,5 Series,BMW,13/5/2019,Male,93401,Con Fountain,car19
178,5 Series,BMW,24/11/2018,Female,85478,Thomasin Fussie,car19
228,6 Series,BMW,4/6/2019,Male,58184,Fonsie Willmer,car21
299,7 Series,BMW,13/10/2018,Female,52188,Lesli Dawidowitz,car23
779,7 Series,BMW,14/12/2018,Male,73647,Constantin McCulley,car23
854,7 Series,BMW,15/2/2019,Female,62274,Jaquelyn Schuricke,car23
977,3 Series,BMW,14/7/2019,Female,51153,Fawn Richmond,car18
21,5 Series,BMW,15/10/2018,Male,40683,De witt McNish,car19
251,5 Series,BMW,31/7/2019,Female,92446,Emylee McDaid,car19
759,5 Series,BMW,26/8/2018,Female,95740,Sophi Schult,car19
900,5 Series,BMW,29/11/2018,Female,30674,Arlette Lubbock,car19
390,6 Series,BMW,11/2/2019,Male,80418,Gordon Doole,car21
171,7 Series,BMW,13/2/2019,Male,60483,Braden Marguerite,car23
205,7 Series,BMW,4/2/2019,Female,97851,Karil Depper,car23
267,7 Series,BMW,5/5/2019,Female,88330,Maribeth Unitt,car23
636,7 Series,BMW,8/3/2019,Female,58331,Carma Twyford,car23
655,8 Series,BMW,12/9/2018,Female,83203,Verena McInulty,car25
850,8 Series,BMW,7/8/2018,Female,82480,Camellia Duffitt,car25
488,M Roadster,BMW,17/1/2019,Female,30506,Deana McKea,car26
144,M3,BMW,10/5/2019,Female,88157,Yoshi Allbut,car27
415,M3,BMW,24/7/2019,Female,33097,Blair Digginson,car27
794,M3,BMW,9/10/2018,Female,46502,Yalonda Culy,car27
901,M3,BMW,22/8/2018,Male,87204,Foss Schnieder,car27
127,X3,BMW,15/12/2018,Male,81251,Elmer Sellick,car28
669,X3,BMW,5/4/2019,Male,65734,Tomkin Treadway,car28
95,X5,BMW,6/4/2019,Male,78890,Grange Aicken,car29
809,X5,BMW,9/5/2019,Female,42023,Karol Duce,car29
821,X5,BMW,17/12/2018,Male,39141,Normie Caught,car29
981,X5,BMW,2/2/2019,Female,74887,Margarita Starsmore,car29
846,X6,BMW,18/1/2019,Male,63446,Natal Talloe,car30
526,Z3,BMW,3/2/2019,Female,77462,Birdie Cribbin,car31
577,Z3,BMW,28/9/2018,Female,98425,Minny Knight,car31
793,Z4,BMW,7/7/2019,Female,95654,Jenifer Killiam,car32
822,Z4 M,BMW,1/3/2019,Male,97539,Jerome Gegg,car33
382,Z4 M Roadster,BMW,23/7/2019,Female,36006,Lavena Midlane,car34
157,Z8,BMW,16/8/2018,Female,69164,Nollie Joiris,car35
988,7 Series,BMW,23/8/2018,Male,38991,Humfried Houten,car23
839,7 Series,BMW,14/5/2019,Female,57722,Joy Wraxall,car23
187,8 Series,BMW,2/11/2018,Male,84540,Reginald Gange,car25
185,8 Series,BMW,11/11/2018,Male,75233,Ingar Elnaugh,car25
890,M Roadster,BMW,27/1/2019,Female,72661,Violette MacCafferky,car26
971,M3,BMW,23/12/2018,Male,47050,Chauncey Troni,car27
6,M3,BMW,23/1/2019,Female,94890,Philippe Rockwell,car27
99,M3,BMW,29/6/2019,Male,30915,Vic Oiller,car27
305,M3,BMW,9/3/2019,Male,81665,Darnall Swyre,car27
556,X3,BMW,2/12/2018,Female,90360,Larina Steptowe,car28
840,X3,BMW,4/11/2018,Female,53078,Patti Westgate,car28
963,X5,BMW,18/1/2019,Male,63038,Clerkclaude Stoke,car29
946,7 Series,BMW,9/6/2019,Female,93031,Ettie De Blasiis,car23
263,7 Series,BMW,10/1/2019,Male,30022,Duky Carbin,car23
366,7 Series,BMW,16/11/2018,Female,47518,Franny Ickovici,car23
681,8 Series,BMW,30/11/2018,Female,70241,Carmela Quernel,car25
26,8 Series,BMW,3/9/2018,Female,63907,Carmon Lofting,car25
278,M Roadster,BMW,23/2/2019,Male,51114,Gunar Signore,car26
568,M3,BMW,3/10/2018,Male,33001,Renaud Trollope,car27
686,M3,BMW,12/7/2019,Male,76495,Mathias Merwood,car27
734,M3,BMW,10/5/2019,Male,63407,Tony Galbreath,car27
181,M3,BMW,18/2/2019,Female,46195,Em Graybeal,car27
289,X3,BMW,1/3/2019,Male,61435,Tristam Orrice,car28
298,X3,BMW,22/6/2019,Female,47938,Vivianna Giovanardi,car28
272,X5,BMW,28/7/2019,Female,80493,Jori Grimsey,car29
453,X5,BMW,14/1/2019,Male,51302,Germain Antoszczyk,car29
470,X5,BMW,27/7/2019,Female,79732,Tabatha Fessby,car29
546,X5,BMW,28/8/2018,Male,55781,Torrence Kubal,car29
847,X6,BMW,26/7/2019,Female,88948,Kyrstin Sconce,car30
150,Z3,BMW,6/1/2019,Male,66426,Zelig Gedney,car31
338,Z3,BMW,8/11/2018,Male,70877,Far Bowditch,car31
45,Z4,BMW,2/8/2018,Male,71792,Edd Gianulli,car32
84,Z4 M,BMW,3/10/2018,Male,56523,Conan Swiffan,car33
304,Z4 M Roadster,BMW,26/7/2019,Male,79944,Gardy Mitton,car34
374,Z8,BMW,13/8/2018,Male,50170,Arley Burgise,car35
458,Z8,BMW,26/9/2018,Male,86984,Cordy Ankers,car35
617,5 Series,BMW,17/11/2018,Male,76954,Brucie Probbings,car19
929,5 Series,BMW,11/11/2018,Male,45427,Penn Bundock,car19
65,6 Series,BMW,6/10/2018,Female,93632,Ivette Esseby,car21
48,7 Series,BMW,10/4/2019,Female,87905,Arabela Tomankiewicz,car23
942,7 Series,BMW,22/10/2018,Female,82846,Bobbye Vinsen,car23
393,7 Series,BMW,12/4/2019,Female,46467,Fayette Ciobotaro,car23
201,530,BMW,23/4/2019,Male,47656,Jody Menghi,car20
8,600,BMW,10/3/2019,Female,51424,Bobette Landrick,car22
54,600,BMW,5/12/2018,Male,84044,Marv Divina,car22
384,600,BMW,17/2/2019,Female,52577,Ailene Marunchak,car22
640,750,BMW,22/2/2019,Female,86738,Ora Cottier,car24
703,1 Series,BMW,27/3/2019,Male,86027,Siward Maun,car17
705,1 Series,BMW,22/4/2019,Male,69888,Darrin Burnham,car17
757,3 Series,BMW,17/7/2019,Male,66974,Jayme Lowless,car18
800,3 Series,BMW,24/10/2018,Male,79848,Nikita Alred,car18
902,3 Series,BMW,27/2/2019,Male,63662,Martie Suermeiers,car18
683,3 Series,BMW,23/4/2019,Female,56562,Merilyn Flockhart,car18
83,3 Series,BMW,1/12/2018,Female,43751,Ashleigh Donaldson,car18
220,3 Series,BMW,14/10/2018,Male,54568,Erasmus Jenik,car18
462,5 Series,BMW,9/10/2018,Male,71106,Steffen Conachie,car19
551,5 Series,BMW,6/7/2019,Female,71101,Juliane Stairmand,car19
782,5 Series,BMW,3/5/2019,Male,48371,Everard Ainscough,car19
489,5 Series,BMW,1/7/2019,Female,32654,Clarey Vankin,car19
345,6 Series,BMW,8/3/2019,Male,47455,Fletch Jobin,car21
423,7 Series,BMW,26/4/2019,Male,31356,Jeffie Oxenden,car23
600,7 Series,BMW,17/7/2019,Male,97755,Nowell Muzzini,car23
273,7 Series,BMW,21/8/2018,Female,72474,Gae de Copeman,car23
446,3 Series,BMW,28/3/2019,Female,60542,Cicely Ewence,car18
372,5 Series,BMW,22/11/2018,Male,34138,Dukie Panter,car19
206,5 Series,BMW,7/6/2019,Male,97532,Clayborn Hamnett,car19
630,5 Series,BMW,12/10/2018,Female,55448,Gladys Warwicker,car19
259,5 Series,BMW,7/5/2019,Male,51552,Torry Learmonth,car19
743,6 Series,BMW,20/2/2019,Female,67190,Randie Grigorini,car21
950,7 Series,BMW,21/7/2019,Male,76125,Lief McGrale,car23
91,7 Series,BMW,20/3/2019,Male,30181,Fitz Abrahmson,car23
405,7 Series,BMW,28/4/2019,Female,32540,Hyacinthe Winkell,car23
376,7 Series,BMW,6/11/2018,Female,57741,Marni Wagnerin,car23
24,8 Series,BMW,11/10/2018,Male,67168,Aharon Routh,car25
62,8 Series,BMW,8/6/2019,Female,61642,Kelci Woolland,car25
582,M Roadster,BMW,23/2/2019,Male,71429,Esme Corss,car26
873,M3,BMW,22/4/2019,Male,38621,Halsey Boughen,car27
696,M3,BMW,3/5/2019,Female,79775,Lisa Whibley,car27
248,M3,BMW,10/9/2018,Male,67864,Hugibert Wahlberg,car27
437,M3,BMW,14/10/2018,Male,79281,Major Maro,car27
700,X3,BMW,21/7/2019,Female,53713,Zora Scroggie,car28
31,X3,BMW,11/6/2019,Female,68415,Peggy Castleton,car28
254,X5,BMW,17/2/2019,Female,42474,Letti Buncom,car29
601,X5,BMW,29/7/2019,Female,77675,Krysta Sterrick,car29
774,X5,BMW,20/3/2019,Male,56678,Eduard Puddefoot,car29
49,X5,BMW,14/1/2019,Female,35864,Janella Bartoszewicz,car29
348,X6,BMW,6/7/2019,Male,66410,Batholomew Mollatt,car30
608,Z3,BMW,21/10/2018,Female,36403,Zandra Jaffra,car31
440,Z3,BMW,12/5/2019,Female,35068,Remy Boichat,car31
682,Z4,BMW,26/6/2019,Female,37694,Orelia Dwire,car32
941,Z4 M,BMW,24/7/2019,Male,46541,Nil Poone,car33
166,Z4 M Roadster,BMW,2/9/2018,Female,68961,Juditha Tewelson,car34
195,Z8,BMW,25/11/2018,Female,65864,Carrissa Kensitt,car35
947,7 Series,BMW,15/12/2018,Female,62551,Anstice Matthewson,car23
574,7 Series,BMW,13/12/2018,Male,93445,Carney Sherebrook,car23
607,8 Series,BMW,23/1/2019,Female,95458,Nataline Ivanovic,car25
892,8 Series,BMW,16/12/2018,Female,94787,Britteny Storr,car25
961,M Roadster,BMW,23/4/2019,Male,89568,Erroll Cesaric,car26
12,M3,BMW,13/10/2018,Male,59597,Hermon Semour,car27
448,M3,BMW,11/9/2018,Female,99345,Inna Aslen,car27
663,M3,BMW,3/10/2018,Male,31508,Peterus Allsupp,car27
148,M3,BMW,2/2/2019,Female,47347,Vicki Rusk,car27
635,X3,BMW,10/6/2019,Male,62178,Friedrich Vorley,car28
876,X3,BMW,22/12/2018,Male,35058,Claudell Braney,car28
641,X5,BMW,5/6/2019,Male,58871,Redd Frowing,car29
701,7 Series,BMW,25/3/2019,Female,36270,Anabelle Itzhaki,car23
14,7 Series,BMW,31/7/2019,Male,83949,Manolo Andriessen,car23
56,7 Series,BMW,22/5/2019,Male,95652,Bruce Hailes,car23
249,8 Series,BMW,7/5/2019,Female,85197,Shir Hacon,car25
433,8 Series,BMW,13/12/2018,Male,47973,Alexander Aitken,car25
47,M Roadster,BMW,20/11/2018,Female,78719,Bernardine Woolf,car26
280,M3,BMW,29/3/2019,Female,38881,Constanta Struys,car27
836,M3,BMW,7/7/2019,Female,57900,Eada Wardrope,car27
271,M3,BMW,17/4/2019,Female,60581,Stephana Fawcus,car27
399,M3,BMW,12/3/2019,Female,62520,Vinni Wapol,car27
725,X3,BMW,25/8/2018,Female,90387,Bibi Brogini,car28
745,X3,BMW,26/11/2018,Female,36245,Estell Darnbrook,car28
878,X5,BMW,7/3/2019,Female,38491,Othelia Toffel,car29
937,X5,BMW,1/2/2019,Female,85817,Sheila Wakeling,car29
13,X5,BMW,14/9/2018,Male,94424,Branden Toohey,car29
751,X5,BMW,17/5/2019,Female,97172,Annelise Bilby,car29
87,X6,BMW,15/11/2018,Female,95725,Cristine Youde,car30
151,Z3,BMW,11/9/2018,Female,88102,Pris Trounson,car31
301,Z3,BMW,14/2/2019,Male,56809,Hillel Crickmer,car31
631,Z4,BMW,12/7/2019,Male,46816,Anthony Kenwood,car32
285,Z4 M,BMW,29/5/2019,Male,77492,Bard Ferrotti,car33
331,Z4 M Roadster,BMW,3/9/2018,Male,93026,Borden Douthwaite,car34
451,Z8,BMW,11/7/2019,Female,66255,Elvera Del Dello,car35
783,Z8,BMW,19/4/2019,Female,97476,Lula Burg,car35
555,1500,Chevrolet,17/9/2018,Male,93527,Serge Jays,car36
951,2500,Chevrolet,11/11/2018,Male,82192,Kerr Bruggen,car37
1000,2500,Chevrolet,9/3/2019,Female,36470,Zandra Mapston,car37
377,3500,Chevrolet,4/7/2019,Female,74745,Olympie Frayne,car38
698,APV,Chevrolet,20/9/2018,Male,45564,Cointon Wilkinson,car39
30,Astro,Chevrolet,6/7/2019,Male,38827,Peterus Conen,car40
337,Astro,Chevrolet,28/9/2018,Male,55815,Bennett Hansmann,car40
174,Astro,Chevrolet,5/4/2019,Female,56965,Karole Glacken,car40
866,APV,Chevrolet,6/2/2019,Female,51681,Marchelle Ferebee,car39
80,Astro,Chevrolet,18/5/2019,Male,68781,Ignazio Wolpert,car40
502,Astro,Chevrolet,31/8/2018,Female,44302,Bryn Digan,car40
511,Astro,Chevrolet,29/12/2018,Male,40759,Ruy O'Duggan,car40
744,Avalanche,Chevrolet,7/6/2019,Male,58075,Niko Karet,car41
535,Corvette,Chevrolet,6/12/2018,Female,92313,Tabina Howman,car42
660,Corvette,Chevrolet,1/6/2019,Male,92459,Karlan Longega,car42
677,Corvette,Chevrolet,15/3/2019,Male,79648,Wallas Lohden,car42
716,Corvette,Chevrolet,26/5/2019,Male,51119,Bryanty Wardel,car42
843,Corvette,Chevrolet,20/9/2018,Male,85844,Griswold Rucklidge,car42
347,Cruze,Chevrolet,24/5/2019,Female,65710,Katharyn Wasmer,car43
388,Equinox,Chevrolet,17/10/2018,Male,48920,Garner Fosbraey,car44
53,Express 1500,Chevrolet,5/9/2018,Female,37126,Veda Babbe,car45
159,Express 1500,Chevrolet,26/6/2019,Male,77698,Bradney Prott,car45
200,Express 1500,Chevrolet,1/1/2019,Male,97745,Roy Stollen,car45
387,Express 1500,Chevrolet,1/12/2018,Female,94025,Caty Chaulk,car45
628,Express 1500,Chevrolet,28/12/2018,Female,35899,Rosana Gleasane,car45
147,Express 2500,Chevrolet,10/1/2019,Male,88049,Clay Kullmann,car46
740,S10,Chevrolet,27/5/2019,Male,82738,Bartolemo Levay,car47
752,Tracker,Chevrolet,21/1/2019,Male,50553,Grant Beranek,car48
770,TrailBlazer,Chevrolet,5/2/2019,Male,54736,Chevy Kunisch,car49
626,TrailBlazer,Chevrolet,6/7/2019,Female,49386,Abigail Toffel,car49
827,TrailBlazer,Chevrolet,13/7/2019,Female,53049,Else Doe,car49
312,Tracker,Chevrolet,18/12/2018,Male,70312,Maddie Thoms,car48
176,TrailBlazer,Chevrolet,26/7/2019,Female,90847,Winne Yearn,car49
550,TrailBlazer,Chevrolet,5/5/2019,Female,42233,Kare Pinfold,car49
815,TrailBlazer,Chevrolet,11/8/2018,Male,43364,Herold Nelane,car49
699,Uplander,Chevrolet,30/10/2018,Female,43759,Kalindi Beelby,car50
316,Venture,Chevrolet,28/7/2019,Female,43143,Lynde Mapplethorpe,car51
969,Venture,Chevrolet,2/7/2019,Female,73308,Kelley Van der Kruis,car51
135,1500,Chevrolet,19/4/2019,Female,39424,Rafaelia Jurisic,car36
506,2500,Chevrolet,12/1/2019,Female,58807,Gus Frosch,car37
358,2500,Chevrolet,28/2/2019,Male,64118,Marcello Burr,car37
606,3500,Chevrolet,5/4/2019,Male,93000,Lothaire Pragnall,car38
548,APV,Chevrolet,4/11/2018,Male,64551,Riordan Magog,car39
100,Astro,Chevrolet,8/5/2019,Female,83071,Fayette Tibbotts,car40
789,1500,Chevrolet,5/3/2019,Female,66346,Clerissa Vanyarkin,car36
805,2500,Chevrolet,10/11/2018,Male,53535,Terence McClinton,car37
1,2500,Chevrolet,8/3/2019,Female,50700,Vivienne Tantrum,car37
975,Cruze,Chevrolet,16/10/2018,Male,72705,Gregor Hulke,car43
786,Equinox,Chevrolet,6/8/2018,Male,79248,Damon Crickett,car44
106,Express 1500,Chevrolet,2/4/2019,Female,92241,Catlaina Cussins,car45
594,Express 1500,Chevrolet,19/12/2018,Female,56811,Berna Leroux,car45
581,Express 1500,Chevrolet,27/1/2019,Male,39676,Talbot Mervyn,car45
461,Express 1500,Chevrolet,28/1/2019,Female,44724,Mari Eggle,car45
478,Express 1500,Chevrolet,25/5/2019,Female,89402,Karrie Corona,car45
514,Express 2500,Chevrolet,22/12/2018,Male,52386,Ludvig Brigge,car46
867,S10,Chevrolet,6/11/2018,Male,38012,Todd O' Gara,car47
232,1500,Chevrolet,14/1/2019,Female,47125,Rheba Snodin,car36
279,2500,Chevrolet,14/5/2019,Female,90138,Tierney Sessuns,car37
749,2500,Chevrolet,9/1/2019,Male,60893,Caesar McClintock,car37
837,3500,Chevrolet,25/6/2019,Male,63481,Edwin Rotge,car38
542,APV,Chevrolet,15/3/2019,Male,73825,Sheffie Roisen,car39
559,Astro,Chevrolet,30/7/2019,Female,65647,Judi Thumim,car40
297,Astro,Chevrolet,23/1/2019,Female,49031,Leora Roxbrough,car40
441,Astro,Chevrolet,19/2/2019,Male,59709,Richy Jobson,car40
283,APV,Chevrolet,7/2/2019,Female,51976,Jan Wace,car39
250,Astro,Chevrolet,7/6/2019,Female,60417,Idell Cisar,car40
424,Astro,Chevrolet,7/1/2019,Female,85805,Amalle Ashman,car40
639,Astro,Chevrolet,25/4/2019,Female,81533,Mirella Markwick,car40
668,Avalanche,Chevrolet,6/2/2019,Female,43497,Holly-anne Cruce,car41
865,Corvette,Chevrolet,8/8/2018,Female,44349,Emalee Lalevee,car42
881,Corvette,Chevrolet,13/12/2018,Male,91171,Mikey Faley,car42
923,Corvette,Chevrolet,19/5/2019,Male,44604,Pietrek Claige,car42
385,Corvette,Chevrolet,29/3/2019,Female,95024,Cissy Batkin,car42
449,Corvette,Chevrolet,23/6/2019,Male,68589,Sergio Buzek,car42
509,Cruze,Chevrolet,10/11/2018,Male,92665,Barnabe Shyram,car43
927,Equinox,Chevrolet,1/3/2019,Male,57953,Cooper Gorse,car44
693,Express 1500,Chevrolet,25/5/2019,Male,42014,Hakeem Garnall,car45
713,Express 1500,Chevrolet,28/10/2018,Female,69509,Tabatha Burnand,car45
344,Express 1500,Chevrolet,25/4/2019,Female,95399,Carolina Rutherforth,car45
410,Express 1500,Chevrolet,28/5/2019,Female,47286,Christine Martyn,car45
32,Express 1500,Chevrolet,23/2/2019,Male,33983,Edwin Lansbury,car45
953,Express 2500,Chevrolet,20/6/2019,Male,45747,Jeremie Kaesmans,car46
928,S10,Chevrolet,11/8/2018,Male,36464,Cazzie Pina,car47
464,Tracker,Chevrolet,15/7/2019,Male,96615,Tibold Huyche,car48
562,TrailBlazer,Chevrolet,25/12/2018,Female,85641,Moll Breakspear,car49
737,TrailBlazer,Chevrolet,16/1/2019,Female,71843,Maisie Hurrell,car49
447,TrailBlazer,Chevrolet,22/9/2018,Female,74397,Rori Feronet,car49
933,Tracker,Chevrolet,5/9/2018,Female,43735,Heddi Cunnane,car48
229,TrailBlazer,Chevrolet,14/11/2018,Male,75314,Angie Sidebottom,car49
647,TrailBlazer,Chevrolet,3/9/2018,Male,61036,Myrwyn Rodder,car49
676,TrailBlazer,Chevrolet,20/10/2018,Male,84028,Bowie Chatburn,car49
845,Uplander,Chevrolet,3/1/2019,Male,70171,Scott Humbell,car50
197,Venture,Chevrolet,26/3/2019,Female,63364,Stefanie Newberry,car51
428,Venture,Chevrolet,27/4/2019,Male,48350,Cori Shimoni,car51
569,1500,Chevrolet,12/1/2019,Male,92981,Cleon Gleadle,car36
787,2500,Chevrolet,6/12/2018,Male,77968,Nappy Bernardo,car37
61,2500,Chevrolet,10/2/2019,Male,67050,Ira Gusney,car37
583,3500,Chevrolet,13/12/2018,Female,86118,Dania Haldin,car38
596,APV,Chevrolet,8/8/2018,Female,93854,Letta Hadkins,car39
764,Astro,Chevrolet,10/5/2019,Female,97718,Cherie Jeanon,car40
906,1500,Chevrolet,3/8/2018,Male,83483,Bronson Head,car36
183,2500,Chevrolet,25/6/2019,Male,39385,Benjy Mullender,car37
735,2500,Chevrolet,21/6/2019,Female,54124,Amandy Tiesman,car37
859,Cruze,Chevrolet,16/11/2018,Male,35571,Emory Biaggelli,car43
882,Equinox,Chevrolet,13/8/2018,Male,94823,Steven Rubertelli,car44
402,Express 1500,Chevrolet,9/4/2019,Male,86869,Darren Reedman,car45
319,Express 1500,Chevrolet,17/2/2019,Female,43714,Lana Tytherton,car45
253,Express 1500,Chevrolet,23/9/2018,Male,74772,Elmo Chittie,car45
727,Express 1500,Chevrolet,16/10/2018,Female,65112,Modestia Walkinshaw,car45
353,Express 1500,Chevrolet,18/8/2018,Male,67346,Albrecht Brabender,car45
60,Express 2500,Chevrolet,12/2/2019,Female,67970,Marylou Dowsey,car46
792,S10,Chevrolet,9/7/2019,Female,55441,Mureil Bondley,car47
746,New Yorker,Chrysler,7/7/2019,Female,88208,Ally Boughen,car60
872,Pacifica,Chrysler,7/12/2018,Female,35798,Patty Hanne,car61
72,Prowler,Chrysler,16/3/2019,Male,37340,Orin Olding,car62
477,PT Cruiser,Chrysler,3/9/2018,Male,33259,Dominique Huxham,car63
533,PT Cruiser,Chrysler,15/1/2019,Male,33339,Rossie Pengilly,car63
754,Sebring,Chrysler,18/9/2018,Male,50678,Brett Foottit,car64
964,Sebring,Chrysler,6/9/2018,Female,72899,Queenie Messiter,car64
938,Sebring,Chrysler,25/5/2019,Female,47937,Brittney Laraway,car64
435,New Yorker,Chrysler,2/4/2019,Female,75969,Geraldine Dayce,car60
973,Pacifica,Chrysler,16/1/2019,Male,70178,Dieter Earingey,car61
252,Prowler,Chrysler,5/9/2018,Male,63870,Roman Brittles,car62
781,PT Cruiser,Chrysler,21/12/2018,Female,65207,Barbee Lubman,car63
766,PT Cruiser,Chrysler,31/8/2018,Female,94812,Beitris Sabin,car63
414,Sebring,Chrysler,19/12/2018,Male,36846,Tull Clines,car64
97,Sebring,Chrysler,9/6/2019,Male,88151,Nevil Skittreal,car64
139,Sebring,Chrysler,9/10/2018,Female,81363,Roanna Duckwith,car64
430,Town & Country,Chrysler,16/7/2019,Male,73329,Rik Jenoure,car65
652,Town & Country,Chrysler,24/1/2019,Male,42928,Walton MacDowall,car65
545,Town & Country,Chrysler,25/12/2018,Female,93317,Annamaria MacLardie,car65
168,Town & Country,Chrysler,31/7/2019,Male,37917,Wiley Cicconettii,car65
525,Town & Country,Chrysler,9/7/2019,Male,79851,Harper Venning,car65
43,New Yorker,Chrysler,10/7/2019,Male,31775,Morgun Shiels,car60
473,Pacifica,Chrysler,7/10/2018,Female,99913,Lurette Lukash,car61
720,Prowler,Chrysler,5/10/2018,Male,42922,Ruddy Whitehead,car62
788,PT Cruiser,Chrysler,27/6/2019,Female,97553,Deedee Truluck,car63
261,PT Cruiser,Chrysler,25/4/2019,Female,83800,Petra Dunbobbin,car63
25,Sebring,Chrysler,6/11/2018,Female,71420,Ema Hassur,car64
811,Sebring,Chrysler,16/9/2018,Male,42230,Broddie Scamel,car64
823,Sebring,Chrysler,29/1/2019,Male,94139,Arv Halden,car64
118,Town & Country,Chrysler,17/9/2018,Male,67159,Herbie Rolingson,car65
761,Town & Country,Chrysler,23/5/2019,Female,63821,Elicia Fearenside,car65
226,Town & Country,Chrysler,8/5/2019,Male,64455,Winfred Dawidowitsch,car65
444,200,Chrysler,21/3/2019,Female,48354,Stefa Jonk,car52
954,300,Chrysler,19/9/2018,Male,45449,Brandtr Marousek,car53
131,Aspen,Chrysler,18/4/2019,Female,99089,Gwenette Alenov,car54
426,Cirrus,Chrysler,29/5/2019,Male,33941,Thatch Rigmond,car55
835,Concorde,Chrysler,18/11/2018,Male,69411,Dino Ruberti,car56
530,Grand Voyager,Chrysler,9/5/2019,Male,36712,Colan Tym,car57
116,Imperial,Chrysler,21/11/2018,Male,87481,Fields Peacocke,car58
58,LHS,Chrysler,15/6/2019,Male,31139,Nicolai Billison,car59
383,LHS,Chrysler,7/5/2019,Male,64550,Kaiser Boneham,car59
612,New Yorker,Chrysler,13/6/2019,Female,85794,Angelle Hayley,car60
724,Pacifica,Chrysler,3/2/2019,Male,90074,Jeremiah Recher,car61
33,Prowler,Chrysler,2/12/2018,Female,52445,Annamaria Stanway,car62
627,PT Cruiser,Chrysler,7/7/2019,Female,49183,Venus Bridywater,car63
939,PT Cruiser,Chrysler,8/4/2019,Male,95490,Corty Oxley,car63
425,Sebring,Chrysler,23/3/2019,Male,38999,Erskine Malthouse,car64
893,Sebring,Chrysler,9/6/2019,Male,87160,Davey Belin,car64
908,Sebring,Chrysler,13/1/2019,Female,52110,Elita Brannan,car64
101,Town & Country,Chrysler,14/7/2019,Female,35733,Marieann Symcock,car65
235,Town & Country,Chrysler,8/8/2018,Male,35985,Kenton Drew,car65
564,Town & Country,Chrysler,23/5/2019,Male,95119,Fairfax Aylott,car65
625,Town & Country,Chrysler,20/8/2018,Male,83443,Rolph Rickeard,car65
723,Town & Country,Chrysler,8/2/2019,Female,39035,Essie Costerd,car65
246,LHS,Chrysler,28/10/2018,Male,30155,Clay Airton,car59
704,New Yorker,Chrysler,27/5/2019,Female,80266,Rana Souter,car60
86,Pacifica,Chrysler,8/5/2019,Male,50383,Wyndham Edyson,car61
162,Prowler,Chrysler,6/9/2018,Female,95778,Marni Murkin,car62
288,PT Cruiser,Chrysler,4/11/2018,Male,55887,Isaak Bradie,car63
203,PT Cruiser,Chrysler,17/3/2019,Male,34876,Hieronymus Tummons,car63
687,Sebring,Chrysler,21/10/2018,Female,35077,Rosamond Serck,car64
995,Sebring,Chrysler,17/10/2018,Male,85492,Dur Mellhuish,car64
210,Sebring,Chrysler,2/12/2018,Male,92034,Isadore Huggill,car64
335,Town & Country,Chrysler,6/8/2018,Female,33733,Becka Ismead,car65
427,Town & Country,Chrysler,20/9/2018,Male,37083,Casey Akaster,car65
492,Town & Country,Chrysler,4/3/2019,Male,87208,Etienne Abdie,car65
149,Town & Country,Chrysler,9/6/2019,Male,78140,Markus Meyrick,car65
570,Town & Country,Chrysler,19/3/2019,Male,46142,Chandler Olczyk,car65
834,LHS,Chrysler,20/10/2018,Female,64778,Nat Gale,car59
221,New Yorker,Chrysler,12/2/2019,Female,30645,Aveline Orhrt,car60
513,Pacifica,Chrysler,7/3/2019,Female,36065,Reyna Kiefer,car61
780,Prowler,Chrysler,7/4/2019,Female,68192,Kacey Dufaur,car62
292,PT Cruiser,Chrysler,23/3/2019,Female,55474,Nessa Attoc,car63
363,PT Cruiser,Chrysler,31/7/2019,Female,42245,Adrienne Fone,car63
397,Sebring,Chrysler,5/2/2019,Female,66640,Henrieta Farland,car64
808,Sebring,Chrysler,26/6/2019,Male,87727,Tanner Livoir,car64
3,Sebring,Chrysler,17/12/2018,Male,39142,Nowell Bidewel,car64
22,Town & Country,Chrysler,23/1/2019,Female,78050,Lib Nyssens,car65
209,Town & Country,Chrysler,7/10/2018,Male,38340,Art Balharrie,car65
247,Town & Country,Chrysler,16/6/2019,Male,81323,Karl de Mullett,car65
674,Town & Country,Chrysler,12/2/2019,Male,65829,Hermie Sevier,car65
841,Town & Country,Chrysler,20/2/2019,Female,75868,Mela Bouette,car65
167,New Yorker,Chrysler,17/11/2018,Male,76721,Patricio Gouth,car60
888,Pacifica,Chrysler,29/12/2018,Female,98460,Rosalyn McVane,car61
978,Prowler,Chrysler,11/3/2019,Male,60421,Karl Mogra,car62
70,PT Cruiser,Chrysler,27/7/2019,Male,37974,Alfred Rosso,car63
177,PT Cruiser,Chrysler,25/11/2018,Female,84176,Lilyan Innis,car63
742,Sebring,Chrysler,24/7/2019,Male,97542,Bear Thackwray,car64
79,Sebring,Chrysler,3/12/2018,Female,99031,Livvie Sharma,car64
589,Sebring,Chrysler,23/8/2018,Male,43755,Evin Faithfull,car64
595,New Yorker,Chrysler,8/3/2019,Female,68828,Anna-maria Larrosa,car60
468,Pacifica,Chrysler,5/9/2018,Female,35942,Milzie Fritzer,car61
871,Prowler,Chrysler,14/10/2018,Male,65516,Thorsten McGurn,car62
960,PT Cruiser,Chrysler,18/10/2018,Male,68982,Sayres Geill,car63
599,PT Cruiser,Chrysler,10/2/2019,Female,52766,Noami Filewood,car63
188,Sebring,Chrysler,20/12/2018,Male,47021,Davis McGarrell,car64
711,Sebring,Chrysler,18/8/2018,Female,43905,Desirae Casper,car64
340,Sebring,Chrysler,7/11/2018,Male,38728,Benton Seilmann,car64
315,Town & Country,Chrysler,15/4/2019,Female,88815,Minnnie Widmoor,car65
296,Town & Country,Chrysler,3/9/2018,Male,65303,Doug Carragher,car65
733,Town & Country,Chrysler,12/7/2019,Female,58805,Doe Berdale,car65
277,Town & Country,Chrysler,8/7/2019,Female,52755,Ki Galpen,car65
239,Town & Country,Chrysler,24/9/2018,Male,85900,Ashby Gowanson,car65
985,New Yorker,Chrysler,27/3/2019,Male,49746,Levy Critcher,car60
826,Pacifica,Chrysler,22/11/2018,Female,99752,Cati Bathoe,car61
224,Prowler,Chrysler,4/4/2019,Female,59693,Valeda Stirtle,car62
709,PT Cruiser,Chrysler,31/12/2018,Female,85402,Jori Dinjes,car63
666,PT Cruiser,Chrysler,3/5/2019,Male,98432,Jeromy Hernik,car63
18,New Yorker,Chrysler,9/4/2019,Female,62469,Lilly Najera,car60
419,Pacifica,Chrysler,24/11/2018,Male,34931,Lance Guille,car61
516,Prowler,Chrysler,10/3/2019,Female,69191,Joannes Padson,car62
199,PT Cruiser,Chrysler,30/9/2018,Male,65658,Roderick Dick,car63
654,PT Cruiser,Chrysler,22/12/2018,Female,88776,Cherye Newlands,car63
76,Sebring,Chrysler,11/6/2019,Male,61850,Wadsworth Maciunas,car64
218,Sebring,Chrysler,1/2/2019,Female,45178,Marketa Kalaher,car64
361,Sebring,Chrysler,6/1/2019,Male,77902,Dallas Bailes,car64
380,New Yorker,Chrysler,3/10/2018,Female,68924,Willow Krammer,car60
803,Pacifica,Chrysler,1/12/2018,Female,47133,Emelda Swiffin,car61
807,Prowler,Chrysler,2/8/2018,Female,73476,Dorie Boud,car62
736,PT Cruiser,Chrysler,1/2/2019,Male,60826,Norbert Earl,car63
291,PT Cruiser,Chrysler,2/9/2018,Male,87721,Hilario Ledford,car63
422,Sebring,Chrysler,28/8/2018,Male,85751,Hymie Deadman,car64
864,Sebring,Chrysler,23/3/2019,Female,82755,Carolin Cordell,car64
849,Sebring,Chrysler,21/1/2019,Male,63423,Kalvin Mowsdill,car64
110,Town & Country,Chrysler,27/3/2019,Male,75409,Dorie Buckell,car65
844,Town & Country,Chrysler,15/12/2018,Male,90961,Thain Reddlesden,car65
694,Town & Country,Chrysler,15/6/2019,Female,54389,Merl Debling,car65
795,Town & Country,Chrysler,29/5/2019,Male,78836,Lawrence Regis,car65
544,Town & Country,Chrysler,5/5/2019,Female,41772,Loraine Mazillius,car65
155,New Yorker,Chrysler,31/3/2019,Male,68351,Roderigo Smitheman,car60
833,Pacifica,Chrysler,17/11/2018,Male,69321,Orlando Cool,car61
820,Prowler,Chrysler,25/4/2019,Female,63848,Cati Speares,car62
586,PT Cruiser,Chrysler,26/4/2019,Male,42772,Hilario Giraudeau,car63
896,PT Cruiser,Chrysler,4/8/2018,Male,62518,Rod Fogel,car63
730,Sebring,Chrysler,12/4/2019,Male,75320,Mel Waltho,car64
212,Sebring,Chrysler,13/2/2019,Male,67290,Ludwig Heelis,car64
438,Sebring,Chrysler,16/4/2019,Male,50489,John Ibanez,car64
463,Town & Country,Chrysler,15/4/2019,Male,97451,Jeddy Worden,car65
394,Town & Country,Chrysler,14/2/2019,Female,96150,Dulsea Gogie,car65
886,Town & Country,Chrysler,14/2/2019,Female,84523,Noella Creegan,car65
897,200,Chrysler,30/11/2018,Female,87863,Roxane Fosher,car52
237,300,Chrysler,5/11/2018,Male,83629,Wallache Berwick,car53
541,Aspen,Chrysler,17/8/2018,Female,67321,Janaya Scourge,car54
775,Cirrus,Chrysler,17/7/2019,Female,60239,Viv Lippitt,car55
880,Concorde,Chrysler,11/11/2018,Female,78104,Loretta Union,car56
838,Grand Voyager,Chrysler,13/6/2019,Female,39512,Evey Whymark,car57
851,Imperial,Chrysler,22/3/2019,Female,94406,Star Sanpher,car58
50,LHS,Chrysler,28/7/2019,Female,91051,Regina Torres,car59
268,LHS,Chrysler,10/11/2018,Female,63330,Harriot Merrifield,car59
290,New Yorker,Chrysler,7/6/2019,Male,60096,Salomon Linsay,car60
436,Pacifica,Chrysler,16/7/2019,Female,53322,Wilie Lawling,car61
644,Prowler,Chrysler,26/6/2019,Female,85921,Whitney MacFadin,car62
797,PT Cruiser,Chrysler,13/1/2019,Male,94337,Trumann Wathen,car63
621,PT Cruiser,Chrysler,4/8/2018,Female,31707,Rakel Mc Carrick,car63
284,Sebring,Chrysler,11/2/2019,Female,83434,Lenore Cosley,car64
956,Sebring,Chrysler,16/6/2019,Male,39353,Yurik Sneaker,car64
403,Sebring,Chrysler,30/12/2018,Male,91989,Tommy Virgo,car64
262,Town & Country,Chrysler,23/4/2019,Female,88725,Merilyn Smidmoor,car65
266,Town & Country,Chrysler,30/12/2018,Male,70800,Field Brockhurst,car65
494,Town & Country,Chrysler,16/5/2019,Male,35949,Sky Sterman,car65
19,Town & Country,Chrysler,22/12/2018,Female,31019,Gerda Meegin,car65
718,Town & Country,Chrysler,4/6/2019,Male,47914,Nester Munroe,car65
769,LHS,Chrysler,7/10/2018,Male,35180,Brendon Da Costa,car59
512,New Yorker,Chrysler,16/1/2019,Male,67186,Kenyon Gask,car60
416,Pacifica,Chrysler,16/1/2019,Male,86872,Trev Kirkbride,car61
510,Prowler,Chrysler,3/8/2018,Female,67283,Claudette Trevain,car62
889,PT Cruiser,Chrysler,14/9/2018,Male,94378,Andrey Jemmison,car63
93,PT Cruiser,Chrysler,27/11/2018,Female,48001,Diane Attwater,car63
202,Sebring,Chrysler,3/8/2018,Male,50710,Maury Millins,car64
407,Sebring,Chrysler,7/5/2019,Male,97711,Reilly Waind,car64
578,Sebring,Chrysler,23/4/2019,Female,89576,Maribeth Grinval,car64
672,Town & Country,Chrysler,27/1/2019,Female,77383,Dinny Blaes,car65
739,Town & Country,Chrysler,15/11/2018,Female,63041,Shae Marritt,car65
825,Town & Country,Chrysler,11/5/2019,Male,75934,Konstantine Collet,car65
11,Town & Country,Chrysler,4/11/2018,Male,39502,Abram Pimer,car65
309,Town & Country,Chrysler,8/3/2019,Female,50043,Ketti Dorrell,car65
638,LHS,Chrysler,30/4/2019,Male,61316,Jorgan Sage,car59
767,New Yorker,Chrysler,13/3/2019,Female,50258,Ula Domingues,car60
814,Pacifica,Chrysler,27/8/2018,Male,52164,Aharon Frankis,car61
302,Prowler,Chrysler,16/8/2018,Male,72066,Ennis Thowless,car62
790,PT Cruiser,Chrysler,13/9/2018,Female,80888,Viola Trodd,car63
828,PT Cruiser,Chrysler,10/11/2018,Male,52054,Boycey Muzzullo,car63
94,Sebring,Chrysler,13/9/2018,Male,56233,Antoni Babber,car64
119,Sebring,Chrysler,2/12/2018,Female,65994,Dede Carter,car64
400,Sebring,Chrysler,18/12/2018,Female,84290,Camille Polfer,car64
443,Town & Country,Chrysler,5/2/2019,Male,73062,Ransom Shear,car65
240,Town & Country,Chrysler,3/3/2019,Male,67742,Quinton Peacher,car65
274,Town & Country,Chrysler,2/4/2019,Female,36219,Pauli Bennetts,car65
580,Town & Country,Chrysler,27/5/2019,Female,74843,Tasha Brader,car65
452,Town & Country,Chrysler,11/9/2018,Male,60167,Natty Rigmond,car65
17,New Yorker,Chrysler,12/4/2019,Male,86437,Fidel Seeney,car60
967,Pacifica,Chrysler,14/8/2018,Female,79917,Melantha Gray,car61
81,Prowler,Chrysler,22/2/2019,Female,54193,Selle Melluish,car62
130,PT Cruiser,Chrysler,1/8/2018,Female,84805,Evangeline Gorges,car63
432,PT Cruiser,Chrysler,6/5/2019,Male,45490,Thaxter Boys,car63
519,Sebring,Chrysler,5/6/2019,Male,43677,Omar Plail,car64
726,Sebring,Chrysler,9/9/2018,Female,81582,Alfy Tregale,car64
107,Sebring,Chrysler,25/1/2019,Male,50354,Donavon Zettoi,car64
113,New Yorker,Chrysler,24/1/2019,Female,47055,Jeanelle Maine,car60
381,Pacifica,Chrysler,17/7/2019,Male,42287,Hayes Seckington,car61
429,Prowler,Chrysler,3/2/2019,Male,92983,Linc Milward,car62
868,PT Cruiser,Chrysler,20/8/2018,Female,42880,Gene Hebblewaite,car63
931,PT Cruiser,Chrysler,22/3/2019,Female,93874,Anny Pudan,car63
88,Sebring,Chrysler,21/2/2019,Female,43111,Patience Sicely,car64
418,Sebring,Chrysler,9/5/2019,Female,44079,Verine Horribine,car64
624,Sebring,Chrysler,12/2/2019,Female,94577,Florencia Fitt,car64
637,Town & Country,Chrysler,20/3/2019,Female,65852,Codie Redler,car65
161,Town & Country,Chrysler,23/9/2018,Female,67772,Charil Frend,car65
575,Town & Country,Chrysler,18/3/2019,Male,97063,Salvatore Ivison,car65
773,Town & Country,Chrysler,24/6/2019,Female,86207,Arleyne Kedge,car65
911,Town & Country,Chrysler,1/2/2019,Female,31501,Aurlie Garthland,car65
481,New Yorker,Chrysler,17/3/2019,Female,33498,Reggie Bosdet,car60
417,Pacifica,Chrysler,20/12/2018,Male,91715,Gardener Disman,car61
141,Prowler,Chrysler,25/12/2018,Female,32186,Minnnie Ivanusyev,car62
287,PT Cruiser,Chrysler,21/3/2019,Male,87866,Jamaal Santer,car63
455,PT Cruiser,Chrysler,23/3/2019,Male,43646,Clare Kornyakov,car63
34,Sparrow,Corbin,12/8/2018,Female,37922,Andrei Haylett,car66
643,Sparrow,Corbin,12/10/2018,Female,77234,Allianora Shorie,car66
368,Sparrow,Corbin,23/8/2018,Male,35864,Loren Doneld,car66
940,Sparrow,Corbin,17/2/2019,Female,86505,Kirbie Proudler,car66
411,Sparrow,Corbin,24/2/2019,Female,97947,Pauletta Carver,car66
558,Sparrow,Corbin,31/10/2018,Male,98787,Jasper Milington,car66
136,Escort,Ford,31/5/2019,Female,84290,Luella Gutierrez,car67
554,Escort,Ford,18/8/2018,Female,68599,Lydie Stodhart,car67
671,E-Series,Ford,23/10/2018,Female,54593,Desiree Garrattley,car68
816,E-Series,Ford,19/7/2019,Female,73429,Chrystal Cleminson,car68
317,E-Series,Ford,3/10/2018,Male,60110,Gerald Rilston,car68
352,Excursion,Ford,30/4/2019,Male,56678,Herby Belsey,car69
855,Expedition,Ford,14/7/2019,Male,53964,Carr Collard,car70
499,Expedition,Ford,21/10/2018,Female,82830,Laetitia Keaveny,car70
553,Expedition,Ford,22/5/2019,Female,30700,Babara Frow,car70
146,Expedition,Ford,30/11/2018,Female,69552,Adelina Yitzhakov,car70
264,Explorer,Ford,15/10/2018,Male,53460,Elnar Hendrik,car71
483,Explorer,Ford,27/5/2019,Female,57035,Tana Langelay,car71
497,Explorer,Ford,9/7/2019,Male,68186,Byron Yuranovev,car71
465,Explorer Sport,Ford,10/5/2019,Female,72822,Carissa Ricoald,car72
313,F150,Ford,9/8/2018,Male,35126,Knox Klampt,car73
899,F150,Ford,25/4/2019,Male,46516,Delmer Wharram,car73
38,Escort,Ford,7/2/2019,Female,63346,Madalyn Hebblewhite,car67
51,Escort,Ford,2/7/2019,Male,96284,Herbie Prendeville,car67
529,E-Series,Ford,29/9/2018,Female,32048,Jerrie Deavall,car68
707,E-Series,Ford,5/2/2019,Female,43502,Halimeda Ciotto,car68
768,E-Series,Ford,4/5/2019,Female,77918,Tiertza Garlic,car68
536,Excursion,Ford,23/2/2019,Male,61951,Frederic Kenafaque,car69
256,Expedition,Ford,16/9/2018,Female,78209,Koren Zanetti,car70
482,Expedition,Ford,11/8/2018,Female,84250,Ericka Devenny,car70
522,Expedition,Ford,16/3/2019,Male,75002,Ronnie Message,car70
932,Expedition,Ford,26/1/2019,Female,61026,Phylys Dummer,car70
125,Explorer,Ford,29/7/2019,Female,76237,Ronnica Fleming,car71
318,Explorer,Ford,3/11/2018,Female,49101,Jordanna Greenwood,car71
460,Explorer,Ford,5/1/2019,Female,78264,Kati Jennings,car71
196,Explorer Sport,Ford,18/1/2019,Male,94790,Kendal Tolputt,car72
373,F150,Ford,24/11/2018,Female,97769,Evania Cassam,car73
731,F150,Ford,18/5/2019,Male,49117,Byrle Augur,car73
798,F150,Ford,27/8/2018,Male,82530,Baird Shitliffe,car73
39,F250,Ford,14/7/2019,Male,42325,Olvan Landor,car74
884,F250,Ford,7/6/2019,Female,96570,Kalinda Piwall,car74
27,F350,Ford,4/1/2019,Male,35057,Quentin Puckett,car75
651,F350,Ford,31/1/2019,Male,50171,Lemar Gaddesby,car75
89,F150,Ford,2/11/2018,Female,90414,Courtenay Taye,car73
160,F150,Ford,10/7/2019,Male,31471,Keene Stobie,car73
870,F250,Ford,31/8/2018,Male,55605,Vernon Jubb,car74
877,F250,Ford,14/3/2019,Female,49660,Babb Pluck,car74
632,F350,Ford,16/1/2019,Female,59303,Olimpia Spain-Gower,car75
534,F350,Ford,5/9/2018,Female,77923,Ruthie Berthon,car75
538,Escort,Ford,22/4/2019,Female,63383,Rozina Hastler,car67
970,Escort,Ford,13/7/2019,Female,87720,Haleigh Ladon,car67
673,E-Series,Ford,12/10/2018,Female,48316,Gilbertina Fillery,car68
572,E-Series,Ford,31/1/2019,Male,86918,Andrew Marunchak,car68
587,E-Series,Ford,5/11/2018,Male,91351,Reggis Gibbon,car68
879,Excursion,Ford,6/4/2019,Female,91811,Nerita Manueli,car69
64,Expedition,Ford,19/8/2018,Male,30467,Aurthur Maciaszek,car70
748,Expedition,Ford,15/9/2018,Female,80609,Lenette Heber,car70
540,Expedition,Ford,5/1/2019,Female,78690,Elsinore Bullan,car70
219,Expedition,Ford,21/12/2018,Male,79399,Silvain Tokell,car70
760,Explorer,Ford,18/4/2019,Male,47622,Nevile Concannon,car71
885,Explorer,Ford,4/10/2018,Female,33763,Krissy Gornal,car71
20,Explorer,Ford,15/11/2018,Male,52965,Lazar Jerschke,car71
508,Explorer Sport,Ford,23/10/2018,Male,76539,Archaimbaud Castaignet,car72
300,F150,Ford,20/4/2019,Female,93034,Selinda Ashpital,car73
904,F150,Ford,5/12/2018,Male,82727,Colby Thrift,car73
98,Escort,Ford,11/12/2018,Male,79137,Alan Brokenshire,car67
719,Escort,Ford,6/7/2019,Female,64850,Erna Desouza,car67
29,E-Series,Ford,5/11/2018,Male,82360,Bendicty Lufkin,car68
67,E-Series,Ford,13/2/2019,Female,73707,Maritsa Scatcher,car68
133,E-Series,Ford,7/2/2019,Female,87128,Kassandra Fayre,car68
479,Excursion,Ford,1/10/2018,Female,79076,Bird Lidyard,car69
404,Expedition,Ford,16/3/2019,Female,85766,Bette-ann Galbreth,car70
619,Expedition,Ford,3/7/2019,Female,48129,Eddie Einchcombe,car70
244,Expedition,Ford,20/2/2019,Male,51988,Immanuel Piell,car70
104,Expedition,Ford,10/9/2018,Female,36185,Pippa Bucklan,car70
378,Explorer,Ford,8/6/2019,Male,79965,Russ Oury,car71
592,Explorer,Ford,20/5/2019,Male,30410,Garvey Abrahamoff,car71
613,Explorer,Ford,5/5/2019,Male,75738,Nappie Trubshaw,car71
134,Explorer Sport,Ford,23/8/2018,Male,71755,Levey Shervington,car72
829,F150,Ford,27/8/2018,Female,55304,Daffy Offer,car73
898,F150,Ford,9/3/2019,Female,60851,Riane Fernao,car73
179,F150,Ford,28/4/2019,Male,51546,Marmaduke Andriveaux,car73
688,F250,Ford,3/9/2018,Male,68533,Nevins Ding,car74
818,F250,Ford,1/10/2018,Male,61793,Templeton Blindmann,car74
126,F350,Ford,13/6/2019,Male,40418,Vail Atwater,car75
493,F350,Ford,31/7/2019,Female,33083,Georgette Willavoys,car75
573,F150,Ford,1/8/2018,Female,42727,Tammie Hebble,car73
322,F150,Ford,14/8/2018,Female,96305,Lia Barday,car73
389,F250,Ford,16/2/2019,Female,36345,Dorette Bellham,car74
657,F250,Ford,3/10/2018,Male,55988,Tuckie Lavallie,car74
996,F350,Ford,30/7/2019,Male,33865,Quinton Sherer,car75
616,F350,Ford,8/7/2019,Male,55378,Darrin Jaegar,car75
485,Accord,Honda,18/11/2018,Female,37912,Halli Matthew,car76
333,Accord,Honda,31/1/2019,Female,70284,Verile Sandwich,car76
420,Accord,Honda,21/1/2019,Male,75102,Clemmy Moreman,car76
182,Accord,Honda,15/12/2018,Male,74605,Jeffrey Roback,car76
679,Accord,Honda,15/7/2019,Male,38780,Goraud Webber,car76
959,Civic,Honda,11/8/2018,Male,76453,Giles Rands,car77
412,Civic,Honda,24/11/2018,Male,42525,Nils Willarton,car77
379,Civic Si,Honda,4/10/2018,Male,49833,Rock Heaven,car78
991,Civic Si,Honda,28/11/2018,Male,56751,Shane Sketch,car78
165,CR-V,Honda,4/2/2019,Female,83202,Ardyce Heiton,car79
500,CR-V,Honda,2/3/2019,Female,55954,Nadia Laborde,car79
649,CR-V,Honda,20/6/2019,Male,58267,Chicky Hubane,car79
860,Accord,Honda,21/11/2018,Female,39573,Malva Woller,car76
918,Accord,Honda,29/5/2019,Female,93165,Andra Marcussen,car76
944,Accord,Honda,18/7/2019,Male,66107,Raff Fould,car76
966,Accord,Honda,8/5/2019,Female,52658,Jenine Furlow,car76
993,Accord,Honda,20/11/2018,Male,31662,Hillel Schankel,car76
549,Civic,Honda,24/8/2018,Male,40532,Riobard Waine,car77
665,Civic,Honda,2/6/2019,Male,30531,Vern Radnage,car77
817,Civic Si,Honda,27/1/2019,Male,36788,Byrle Naire,car78
848,Civic Si,Honda,25/5/2019,Male,61879,Brian Creedland,car78
990,CR-V,Honda,2/11/2018,Female,99848,Hortense Jerke,car79
108,CR-V,Honda,30/10/2018,Male,31013,Bartlet Freckelton,car79
675,CR-V,Honda,23/10/2018,Male,98798,Noe Perillo,car79
910,CR-V,Honda,3/12/2018,Male,56117,Stan Bake,car79
943,CR-X,Honda,14/4/2019,Male,32663,Nap Grass,car80
618,Insight,Honda,18/1/2019,Male,97885,Boothe Slorance,car81
598,Accord,Honda,2/4/2019,Male,34857,Vincents Pic,car76
620,Accord,Honda,20/1/2019,Female,89324,Marinna Gaul,car76
721,Accord,Honda,1/12/2018,Male,88448,Mayer Usmar,car76
396,Accord,Honda,1/6/2019,Male,67130,Towney Noblett,car76
120,Accord,Honda,11/10/2018,Male,87819,Chuck Larraway,car76
370,Civic,Honda,3/3/2019,Female,70051,Cinnamon Ligertwood,car77
515,Civic,Honda,22/2/2019,Male,93488,Pacorro Waller-Bridge,car77
10,Civic Si,Honda,16/1/2019,Male,86623,Perren Witherby,car78
325,Civic Si,Honda,10/5/2019,Male,77111,Moises McEwan,car78
982,CR-V,Honda,17/4/2019,Female,30536,Helen Acors,car79
328,CR-V,Honda,20/6/2019,Male,75013,Tymon Beminster,car79
715,CR-V,Honda,5/9/2018,Male,78139,Levey Newtown,car79
454,CR-V,Honda,16/6/2019,Male,74214,Conroy Cicchillo,car79
186,CR-X,Honda,2/12/2018,Male,63809,Aylmer Trusler,car80
4,Insight,Honda,14/7/2019,Female,62085,Merilyn Dahlman,car81
42,Accord,Honda,17/6/2019,Male,83656,Boothe Booton,car76
659,Accord,Honda,6/1/2019,Female,72929,Carlyn Tick,car76
989,Civic,Honda,15/8/2018,Male,30755,Iosep Clemendet,car77
401,Civic,Honda,25/9/2018,Female,36821,Ettie Knights,car77
830,Civic Si,Honda,28/6/2019,Female,74412,Nonnah Ingerson,car78
755,Civic Si,Honda,25/8/2018,Male,85958,Lon Hext,car78
82,CR-V,Honda,4/9/2018,Male,87534,Galven Grattage,car79
799,CR-V,Honda,4/8/2018,Male,98788,Coop Rennebeck,car79
979,CR-V,Honda,25/3/2019,Male,95040,Zebulon Franckton,car79
257,CR-V,Honda,24/1/2019,Male,94822,Aldous Craig,car79
192,CR-X,Honda,19/8/2018,Female,65243,Cinda Clohisey,car80
791,Insight,Honda,15/2/2019,Female,61724,Garnette Pruckner,car81
605,Accord,Honda,26/3/2019,Female,88667,Mag Snooks,car76
763,Accord,Honda,24/4/2019,Male,64019,Filberte Bolles,car76
603,Accord,Honda,9/10/2018,Female,30247,Fayina Youde,car76
208,Accord,Honda,30/11/2018,Male,77617,Cass Vane,car76
105,Accord,Honda,28/3/2019,Male,49970,Hilliard Danielczyk,car76
193,Civic,Honda,19/12/2018,Female,45531,Keely Jedrzej,car77
190,Civic,Honda,20/3/2019,Male,42622,Mac Hatwell,car77
905,Civic Si,Honda,12/6/2019,Male,96829,Cchaddie Walter,car78
115,Civic Si,Honda,18/1/2019,Female,61281,Danell Imesen,car78
738,CR-V,Honda,15/2/2019,Male,96150,Leigh Suddock,car79
59,CR-V,Honda,23/8/2018,Female,31201,Xylina Decker,car79
741,CR-V,Honda,5/4/2019,Male,38322,Errick Brigstock,car79
831,CR-V,Honda,24/9/2018,Female,99223,Winny Maggorini,car79
887,CR-X,Honda,19/4/2019,Female,55021,Christal Dorin,car80
476,Insight,Honda,13/11/2018,Male,78332,Dorey Hatter,car81
622,Accord,Honda,1/7/2019,Male,32218,Giffer Moncreif,car76
955,Accord,Honda,20/1/2019,Male,32154,Humfrid Thorburn,car76
732,Civic,Honda,13/5/2019,Female,66317,Ursola Bricket,car77
986,Civic,Honda,22/8/2018,Male,75746,Eal Karczinski,car77
314,Civic Si,Honda,15/7/2019,Female,54794,Sue Haggata,car78
539,Civic Si,Honda,28/12/2018,Female,69992,Gray Conklin,car78
23,CR-V,Honda,1/9/2018,Male,32418,Roland Sewter,car79
690,CR-V,Honda,11/3/2019,Male,77009,Muffin Baigrie,car79
697,CR-V,Honda,2/8/2018,Male,90584,Carver Wellington,car79
722,CR-V,Honda,7/8/2018,Male,54406,Poul Prisley,car79
122,CR-X,Honda,22/9/2018,Male,33539,Dov Alsobrook,car80
615,Insight,Honda,9/10/2018,Female,65830,Effie Kebbell,car81
311,Passport,Honda,13/3/2019,Male,99680,Justin Whithorn,car82
41,Pilot,Honda,18/11/2018,Male,68836,Launce Fulcher,car83
909,Pilot,Honda,3/10/2018,Male,54011,Dennet Gully,car83
172,Ridgeline,Honda,7/6/2019,Male,62871,Shurlock Yatman,car84
7,S2000,Honda,19/6/2019,Male,98387,Weider Raddon,car85
102,S2000,Honda,27/6/2019,Male,41269,Christoforo Marczyk,car85
198,S2000,Honda,16/12/2018,Male,75395,Tito Berre,car85
434,S2000,Honda,12/2/2019,Male,79242,Andrey Hagyard,car85
260,Accord,Honda,23/9/2018,Female,90809,Gus Whibley,car76
667,Accord,Honda,20/2/2019,Female,32831,Karine Matthews,car76
308,Accord,Honda,11/5/2019,Female,42776,Shellie Tunniclisse,car76
16,Accord,Honda,19/12/2018,Female,33292,Perle Erett,car76
459,Accord,Honda,19/8/2018,Male,53193,Portie Piche,car76
685,Civic,Honda,27/7/2019,Male,64340,Donavon Yurchishin,car77
275,Civic,Honda,31/5/2019,Male,33042,Kevon Biskupiak,car77
217,Civic Si,Honda,19/5/2019,Female,65283,Ediva Belch,car78
371,Civic Si,Honda,8/2/2019,Male,42062,Tammy Giorgiutti,car78
532,CR-V,Honda,3/6/2019,Male,64589,Gauthier Stillwell,car79
710,CR-V,Honda,5/1/2019,Male,32430,Kerby Ringwood,car79
984,CR-V,Honda,16/8/2018,Female,33666,Randy Menault,car79
409,Accord,Honda,13/7/2019,Female,43370,Anica Daulton,car76
936,Accord,Honda,23/2/2019,Female,99902,Anselma Friskey,car76
173,Accord,Honda,14/5/2019,Male,94997,Gunar Kohneke,car76
658,Accord,Honda,9/6/2019,Male,45835,Dillon McCritchie,car76
999,Accord,Honda,14/2/2019,Male,79810,West Baudesson,car76
57,Civic,Honda,15/2/2019,Female,67164,Rosalia Sang,car77
96,Civic,Honda,10/5/2019,Female,41615,Haily Cabotto,car77
997,Civic Si,Honda,20/3/2019,Male,33652,Burr Mohring,car78
242,Civic Si,Honda,15/3/2019,Female,97443,Dorella D'Emanuele,car78
486,CR-V,Honda,30/10/2018,Male,64312,Willey Passey,car79
52,CR-V,Honda,10/1/2019,Female,33859,Ginnifer Braunroth,car79
15,CR-V,Honda,9/9/2018,Female,38870,Allegra Hanfrey,car79
2,CR-V,Honda,17/8/2018,Male,60450,Eugenio McAtamney,car79
154,CR-X,Honda,11/8/2018,Male,63009,Adlai Stockman,car80
974,Insight,Honda,3/7/2019,Male,74989,Brooke Van Weedenburg,car81
810,Accord,Honda,3/6/2019,Female,62306,Maryanna Anelay,car76
537,Accord,Honda,14/4/2019,Female,32424,Kori Cominetti,car76
367,Accord,Honda,19/12/2018,Female,71593,Amity Gerrels,car76
129,Accord,Honda,3/1/2019,Female,62863,Mercy Stokey,car76
170,Accord,Honda,12/12/2018,Female,62783,Malynda Rabley,car76
341,Civic,Honda,11/7/2019,Male,39731,Mattie Alderwick,car77
824,Civic,Honda,31/8/2018,Male,61250,Englebert Peerman,car77
386,Civic Si,Honda,25/5/2019,Female,70257,Isidora Nutbean,car78
503,Civic Si,Honda,4/5/2019,Female,88503,Ag Decent,car78
518,CR-V,Honda,7/5/2019,Male,58901,Fremont Couper,car79
729,CR-V,Honda,15/5/2019,Male,69577,Bobby Perris,car79
785,CR-V,Honda,3/9/2018,Female,77582,Giuditta Mapstone,car79
662,CR-V,Honda,1/6/2019,Female,66866,Berni Gluyus,car79
576,CR-X,Honda,2/7/2019,Female,68395,Fenelia Brent,car80
853,Insight,Honda,27/4/2019,Female,72159,Carmelia Folshom,car81
796,Accord,Honda,28/9/2018,Female,90982,Agata Mabbitt,car76
861,Accord,Honda,12/4/2019,Female,50396,Faina Dugall,car76
74,Civic,Honda,4/2/2019,Female,56875,Robinetta Dudill,car77
398,Civic,Honda,21/6/2019,Male,59565,Derrik Buckingham,car77
487,Civic Si,Honda,29/9/2018,Male,87917,Eziechiele Shorie,car78
327,Civic Si,Honda,21/4/2019,Male,44837,Lancelot Swetman,car78
103,CR-V,Honda,27/3/2019,Male,60598,Rossie Candwell,car79
921,CR-V,Honda,27/9/2018,Female,67256,Othilie Grahl,car79
806,CR-V,Honda,24/4/2019,Female,69961,Josepha Farquar,car79
164,CR-V,Honda,2/10/2018,Female,69765,Bea Hoovart,car79
445,CR-X,Honda,24/12/2018,Female,38071,Latrina Pettengell,car80
507,Insight,Honda,11/7/2019,Female,45256,Beverly Edler,car81
579,Accord,Honda,6/4/2019,Male,75081,Travers Caig,car76
842,Accord,Honda,10/10/2018,Female,76245,Querida Pipes,car76
505,Accord,Honda,27/7/2019,Male,76430,Wynn Wahlberg,car76
765,Accord,Honda,22/11/2018,Female,76535,Evita Pes,car76
180,Accord,Honda,30/12/2018,Female,90989,Honoria Bertolin,car76
223,Civic,Honda,29/11/2018,Male,81481,Ernestus Earpe,car77
813,Civic,Honda,23/8/2018,Female,99284,Adella Mildenhall,car77
706,Civic Si,Honda,24/6/2019,Female,95169,Devina Maxwale,car78
225,Civic Si,Honda,21/11/2018,Male,37751,Kylie Hamflett,car78
294,CR-V,Honda,9/8/2018,Male,65607,Pembroke Troppmann,car79
343,CR-V,Honda,4/12/2018,Male,36621,Mortimer Snugg,car79
269,CR-V,Honda,17/6/2019,Female,82142,Madge Bodiam,car79
467,CR-V,Honda,24/10/2018,Female,49304,Jelene Dewett,car79
597,CR-X,Honda,2/2/2019,Female,97620,Daryn Mouan,car80
634,Insight,Honda,20/4/2019,Female,86242,Kath Hocking,car81
496,Accord,Honda,20/4/2019,Female,39628,Tiena MacMickan,car76
524,Accord,Honda,9/7/2019,Male,56493,Gerald Frise,car76
571,Civic,Honda,30/6/2019,Female,98511,Harrie Dumbelton,car77
71,Civic,Honda,1/1/2019,Female,39579,Kalila Crawley,car77
517,Civic Si,Honda,17/11/2018,Female,70903,Georgetta Heibel,car78
695,Civic Si,Honda,11/6/2019,Female,66571,Damara Schuelcke,car78
776,CR-V,Honda,20/5/2019,Female,66266,Ricca Fadian,car79
968,CR-V,Honda,16/2/2019,Male,68096,Melvin Schult,car79
293,CR-V,Honda,6/12/2018,Female,52595,Roseline Gaisford,car79
306,CR-V,Honda,8/4/2019,Female,70499,Cora MacDermott,car79
442,CR-X,Honda,25/6/2019,Male,71103,Aymer Verdun,car80
281,Insight,Honda,16/1/2019,Female,44450,Clarissa Hatje,car81
472,Passport,Honda,9/4/2019,Female,82468,Catina Naish,car82
670,Pilot,Honda,3/9/2018,Female,77519,Carolann Walsham,car83
957,Pilot,Honda,2/3/2019,Male,64983,Gaile Shambrooke,car83
895,Ridgeline,Honda,17/7/2019,Male,96644,Ermin Egiloff,car84
753,S2000,Honda,4/5/2019,Male,80431,Ruttger Stanluck,car85
689,S2000,Honda,12/7/2019,Female,57552,Carmelle Malthus,car85
140,S2000,Honda,8/9/2018,Male,73693,Dionysus Hannigane,car85
609,S2000,Honda,29/12/2018,Female,48770,Neille Logie,car85
832,ES,Lexus,4/10/2018,Male,69394,Garey Happer,car86
78,GS,Lexus,24/1/2019,Female,71033,Charmion Staples,car87
145,GS,Lexus,18/3/2019,Female,53362,Wren Chanson,car87
691,GS,Lexus,7/6/2019,Male,59486,Bent Yurtsev,car87
702,GS,Lexus,7/7/2019,Female,62083,Geneva Wrench,car87
114,GS,Lexus,6/10/2018,Male,81695,Randy Camblin,car87
330,GS,Lexus,20/10/2018,Male,61023,Sherlock Behnke,car87
431,GS,Lexus,23/8/2018,Male,55007,Ches Impy,car87
611,GS,Lexus,13/10/2018,Male,55897,Abby Bendan,car87
926,GS,Lexus,13/2/2019,Female,47778,Dominga Dinjes,car87
610,IS F,Lexus,19/2/2019,Female,51355,Joyann Cogle,car88
919,LS,Lexus,1/10/2018,Male,53507,Danny Trevaskiss,car89
614,LS,Lexus,4/5/2019,Male,92407,Alexandro Qualtro,car89
63,LS,Lexus,11/6/2019,Male,72262,Alister Whild,car89
241,LS,Lexus,18/6/2019,Female,62426,Wendie Carlsson,car89
320,ES,Lexus,26/4/2019,Female,94049,Katrinka Gemmell,car86
456,GS,Lexus,24/5/2019,Female,45253,Viole Bedenham,car87
684,GS,Lexus,28/3/2019,Female,49046,Jillane Willden,car87
962,GS,Lexus,17/3/2019,Male,45853,Dewitt Cozzi,car87
35,GS,Lexus,27/7/2019,Male,62823,Shell Beumant,car87
295,GS,Lexus,26/9/2018,Female,32053,Lisabeth Schrader,car87
282,GS,Lexus,18/3/2019,Female,55823,Odele Biggans,car87
111,GS,Lexus,11/6/2019,Male,60128,Freeman Claremont,car87
557,GS,Lexus,22/2/2019,Male,41371,Casper Ravillas,car87
346,GS,Lexus,30/7/2019,Female,34946,Leshia Fawlo,car87
692,IS F,Lexus,11/3/2019,Female,32848,Raye Kach,car88
484,LS,Lexus,27/5/2019,Female,33459,Rubi Joska,car89
501,LS,Lexus,25/4/2019,Female,78063,Bethena Andreix,car89
520,LS,Lexus,30/11/2018,Female,73324,Jocelin Kehir,car89
802,LS,Lexus,11/12/2018,Male,34732,Farlee Luparti,car89
191,LS,Lexus,13/1/2019,Male,31001,Pooh Pygott,car89
365,LX,Lexus,25/6/2019,Male,75560,Shelby Amoore,car90
68,ES,Lexus,13/4/2019,Male,56535,Carlie Pagel,car86
362,GS,Lexus,9/11/2018,Female,70275,Minne Brace,car87
375,GS,Lexus,2/5/2019,Male,82113,Will Skudder,car87
528,GS,Lexus,15/4/2019,Male,64322,Algernon Robertucci,car87
585,GS,Lexus,27/3/2019,Male,40942,Buckie Girsch,car87
750,GS,Lexus,27/6/2019,Female,85351,Phoebe Curedell,car87
869,GS,Lexus,13/9/2018,Male,89012,Levin Fedoronko,car87
342,GS,Lexus,8/10/2018,Female,81535,Noel Gepson,car87
413,GS,Lexus,9/3/2019,Female,51442,Rebekkah Burdekin,car87
469,GS,Lexus,16/10/2018,Male,92666,Tedmund Chopping,car87
883,IS F,Lexus,7/9/2018,Female,51309,Giselle Gayden,car88
917,LS,Lexus,26/5/2019,Female,97150,Rici Mayze,car89
922,LS,Lexus,7/12/2018,Male,34883,Kennith Rothera,car89
998,LS,Lexus,23/1/2019,Female,94277,Dell Kerfut,car89
9,LS,Lexus,23/9/2018,Male,99153,Norrie Bletsoe,car89
852,ES,Lexus,19/8/2018,Male,33612,Willem Lovekin,car86
230,GS,Lexus,18/11/2018,Male,57574,Manolo Corzor,car87
408,GS,Lexus,15/10/2018,Male,90446,Wash Longforth,car87
728,GS,Lexus,10/3/2019,Male,92534,Fairfax Wipper,car87
915,GS,Lexus,2/1/2019,Female,98695,Maud Camis,car87
920,GS,Lexus,1/8/2018,Male,34750,Reade Wudeland,car87
588,GS,Lexus,20/1/2019,Male,69929,Tyson Sandell,car87
948,GS,Lexus,7/9/2018,Female,60780,Hildagard Ather,car87
123,GS,Lexus,6/1/2019,Male,69917,Humberto Gary,car87
758,ES,Lexus,19/9/2018,Male,93284,Welch Sturmey,car86
857,GS,Lexus,5/7/2019,Female,64588,Deedee Allport,car87
913,GS,Lexus,1/4/2019,Male,52752,Silvan Ruston,car87
656,GS,Lexus,25/9/2018,Male,68455,Rufus Vreede,car87
255,GS,Lexus,5/6/2019,Male,95236,Lionello Wildin,car87
875,GS,Lexus,30/5/2019,Male,30948,Reidar Farland,car87
504,GS,Lexus,17/11/2018,Male,71851,Brandyn Coule,car87
771,GS,Lexus,1/11/2018,Female,46022,Ame Duguid,car87
439,GS,Lexus,8/3/2019,Female,46113,Beverley Rimington,car87
874,GS,Lexus,15/1/2019,Female,51813,Bianca Burkin,car87
565,IS F,Lexus,4/4/2019,Male,45997,Zebadiah Ludwell,car88
862,LS,Lexus,12/8/2018,Female,57159,Shirlene Cluer,car89
36,LS,Lexus,4/4/2019,Female,72692,Gloriana Brisseau,car89
215,LS,Lexus,4/11/2018,Female,92285,Tandy Wylder,car89
323,LS,Lexus,5/6/2019,Male,97504,Barrie Wiltshier,car89
214,ES,Lexus,30/10/2018,Male,52280,Samuele Hischke,car86
421,GS,Lexus,23/10/2018,Male,85535,Ham Lambdon,car87
474,GS,Lexus,27/7/2019,Male,70949,Christophe Claige,car87
935,GS,Lexus,1/5/2019,Female,52535,Minerva Bance,car87
339,GS,Lexus,7/3/2019,Male,95626,Banky Ceeley,car87
646,GS,Lexus,18/10/2018,Male,31373,Marcelo Mansford,car87
949,GS,Lexus,17/12/2018,Male,30909,Konstantin Stronge,car87
132,GS,Lexus,4/9/2018,Male,54182,Erhart Clery,car87
664,GS,Lexus,31/3/2019,Male,65897,Titus Arpe,car87
983,GS,Lexus,14/7/2019,Female,55630,Ninnette Brychan,car87
406,IS F,Lexus,9/9/2018,Male,39090,Berky Wildman,car88
207,LS,Lexus,7/1/2019,Male,43079,Mattias Branno,car89
175,LS,Lexus,7/3/2019,Male,78288,Kennett Synke,car89
360,LS,Lexus,31/3/2019,Female,80047,Olia Skinner,car89
914,LS,Lexus,16/2/2019,Male,32830,Hobard Linstead,car89
143,ES,Lexus,4/3/2019,Male,58041,Hardy Crighton,car86
566,GS,Lexus,13/6/2019,Female,87957,Starlene Mayworth,car87
778,GS,Lexus,2/3/2019,Male,59229,Bart Leggett,car87
466,GS,Lexus,4/5/2019,Male,99272,Nobe Durrant,car87
216,GS,Lexus,12/8/2018,Female,54295,Kirstyn Penswick,car87
354,GS,Lexus,6/4/2019,Female,69397,Rebeka Berlin,car87
717,GS,Lexus,4/9/2018,Female,86137,Rora McIlwraith,car87
117,GS,Lexus,17/1/2019,Male,72344,Dur Booeln,car87
907,GS,Lexus,31/8/2018,Male,46391,Lodovico Biever,car87
994,GS,Lexus,24/4/2019,Male,31663,Rudiger Cordaroy,car87
66,IS F,Lexus,23/11/2018,Male,34167,Gregoire Londesborough,car88
121,LS,Lexus,31/12/2018,Female,69728,Carla Burel,car89
128,LS,Lexus,25/4/2019,Female,82905,Sidoney Tatam,car89
184,LS,Lexus,14/12/2018,Female,90006,Stephi Cudmore,car89
222,LS,Lexus,17/7/2019,Male,45330,Franklin Cail,car89
243,ES,Lexus,17/10/2018,Female,52511,Lauretta Dunkerk,car86
332,GS,Lexus,18/6/2019,Male,64167,Rutger Sturte,car87
784,GS,Lexus,19/2/2019,Female,86542,Shauna Drydale,car87
369,GS,Lexus,18/5/2019,Female,79935,Ollie Corcut,car87
391,GS,Lexus,17/2/2019,Female,93053,Rori Stapford,car87
303,GS,Lexus,29/1/2019,Female,55881,Caitrin Evered,car87
819,GS,Lexus,11/10/2018,Male,56128,Kristian Cadalleder,car87
231,GS,Lexus,28/7/2019,Male,74411,Chaunce Goodee,car87
326,GS,Lexus,1/8/2018,Male,56858,Mickie Loverock,car87
653,GS,Lexus,17/10/2018,Female,90824,Carol-jean Fauning,car87
69,IS F,Lexus,13/2/2019,Female,30663,Alvinia Spracklin,car88
169,LS,Lexus,7/7/2019,Male,96876,Batholomew Stocken,car89
329,LS,Lexus,3/1/2019,Male,98673,Cheston McCoy,car89
364,LS,Lexus,20/4/2019,Female,63782,Gus Spawforth,car89
75,LS,Lexus,22/12/2018,Female,40103,Yoshiko Simister,car89
471,LS,Lexus,16/10/2018,Female,47314,Elna Overshott,car89
623,LX,Lexus,19/11/2018,Male,41023,Ad Skones,car90
952,ES,Lexus,5/2/2019,Female,57256,Hynda Giraudo,car86
73,GS,Lexus,28/11/2018,Male,99761,Neddy Caudray,car87
490,GS,Lexus,21/2/2019,Female,81454,Ailee Buchan,car87
602,GS,Lexus,19/11/2018,Male,78987,Berkly Anthonsen,car87
934,GS,Lexus,21/4/2019,Female,41300,Gigi Deal,car87
980,GS,Lexus,6/12/2018,Female,66717,Penny Adams,car87
156,GS,Lexus,5/4/2019,Female,32720,Tish Yglesia,car87
211,GS,Lexus,10/1/2019,Female,38612,Anette Tieraney,car87
521,GS,Lexus,27/1/2019,Female,64056,Lou Aneley,car87
77,GS,Lexus,13/2/2019,Female,88276,Cammie Obee,car87
153,IS F,Lexus,10/12/2018,Female,80854,Aurelie Monkley,car88
276,LS,Lexus,30/8/2018,Female,71096,Paulie Pinel,car89
334,LS,Lexus,14/5/2019,Female,35576,Raven Goodison,car89
629,LS,Lexus,7/11/2018,Female,68032,Antonie Keohane,car89
756,LS,Lexus,16/7/2019,Female,69105,Gusty Reeme,car89
648,ES,Lexus,28/6/2019,Female,36764,Francene Vokins,car86
678,GS,Lexus,30/3/2019,Male,88712,Alvan Gautrey,car87
680,GS,Lexus,14/3/2019,Male,84572,Berkly Royson,car87
450,GS,Lexus,15/1/2019,Female,36860,Noelle de'-Ancy Willis,car87
355,GS,Lexus,20/8/2018,Male,51488,Gibb Veale,car87
124,GS,Lexus,20/9/2018,Male,89912,Anders Hafner,car87
137,GS,Lexus,5/12/2018,Male,37042,Reynard Calliss,car87
55,GS,Lexus,13/6/2019,Female,38377,Isabel Sibborn,car87
523,GS,Lexus,16/9/2018,Female,40369,Florina Knowlton,car87
747,ES,Lexus,18/2/2019,Male,65823,Keary Blinerman,car86
930,GS,Lexus,27/4/2019,Female,58073,Pennie Shoobridge,car87
350,GS,Lexus,6/1/2019,Female,89957,Concordia Ludee,car87
457,GS,Lexus,28/10/2018,Female,32479,Noell Brooke,car87
356,GS,Lexus,12/10/2018,Female,91254,Gillian O'Dowgaine,car87
801,GS,Lexus,8/3/2019,Female,39823,Dacey Hatz,car87
349,GS,Lexus,24/12/2018,Female,87697,Bendite Chavrin,car87
903,GS,Lexus,13/5/2019,Male,83559,Gavin Janssen,car87
395,GS,Lexus,19/2/2019,Male,77659,Raynard Zannutti,car87
590,GS,Lexus,16/7/2019,Female,65364,Krystal Davidof,car87
972,IS F,Lexus,13/11/2018,Female,81303,Lindie Sudran,car88
650,LS,Lexus,10/5/2019,Male,56818,Thain Coleridge,car89
37,LS,Lexus,23/7/2019,Male,38135,Eward Stormont,car89
189,LS,Lexus,20/6/2019,Male,61057,Yvor Oloman,car89
194,LS,Lexus,25/11/2018,Female,49822,Eileen Awton,car89
227,ES,Lexus,19/7/2019,Female,34405,Drusie Asbury,car86
44,GS,Lexus,21/12/2018,Female,63471,Connie Derrington,car87
238,GS,Lexus,12/4/2019,Female,43396,Faustine Angrove,car87
112,GS,Lexus,3/7/2019,Female,89175,Briney Alelsandrovich,car87
762,GS,Lexus,6/6/2019,Female,66808,Flore Klimes,car87
109,GS,Lexus,20/2/2019,Female,41292,Tasia Foxton,car87
531,GS,Lexus,19/7/2019,Male,71300,Reilly Sydall,car87
158,GS,Lexus,8/8/2018,Male,90590,Yardley Feldbau,car87
270,GS,Lexus,10/5/2019,Female,53389,Constancia Littlefield,car87
584,GS,Lexus,26/8/2018,Male,34154,Kory Gellan,car87
604,IS F,Lexus,21/11/2018,Female,64464,Maritsa Kesteven,car88
708,LS,Lexus,31/10/2018,Female,53144,Aurel Peyton,car89
593,LS,Lexus,22/7/2019,Male,86974,Corby Chotty,car89
258,LS,Lexus,14/8/2018,Male,42941,Lorin Blant,car89
357,LS,Lexus,10/9/2018,Male,48700,Berne Darrington,car89
